{"type":"FeatureCollection", "features": [
{"type":"Feature","geometry":{"type":"Polygon","coordinates":[[[-47.8595,-15.6882],[-47.8609,-15.6873],[-47.8647,-15.6839],[-47.8831,-15.6683],[-47.8837,-15.6678],[-47.9001,-15.6557],[-47.912,-15.647],[-47.9232,-15.6388],[-47.9319,-15.6324],[-47.9566,-15.6143],[-47.9615,-15.6106],[-47.9705,-15.6037],[-47.9745,-15.6007],[-48.0018,-15.5801],[-48.0041,-15.5787],[-48.0061,-15.5781],[-48.0074,-15.578],[-48.0093,-15.578],[-48.0107,-15.5783],[-48.0127,-15.5791],[-48.0142,-15.5799],[-48.017,-15.5824],[-48.0261,-15.5903],[-48.0276,-15.5916],[-48.0292,-15.5934],[-48.0339,-15.5991],[-48.0385,-15.6048],[-48.0435,-15.6109],[-48.0451,-15.6125],[-48.0463,-15.6134],[-48.0486,-15.6147],[-48.0541,-15.6172],[-48.0595,-15.6197],[-48.07,-15.6246],[-48.0721,-15.6259],[-48.0736,-15.6273],[-48.0753,-15.6295],[-48.0763,-15.6315],[-48.0768,-15.633],[-48.0793,-15.6417],[-48.0857,-15.6636],[-48.0892,-15.6759],[-48.0896,-15.6778],[-48.0897,-15.6805],[-48.0883,-15.6985],[-48.0868,-15.7204],[-48.0865,-15.7231],[-48.0862,-15.7248],[-48.0856,-15.7265],[-48.0848,-15.7282],[-48.0837,-15.7298],[-48.0813,-15.732],[-48.078,-15.7341],[-48.0757,-15.7354],[-48.0729,-15.7365],[-48.0705,-15.737],[-48.064,-15.738],[-48.0619,-15.7385],[-48.0601,-15.7391],[-48.0574,-15.7405],[-48.0559,-15.7415],[-48.054,-15.743],[-48.0524,-15.7446],[-48.0506,-15.7471],[-48.0499,-15.7483],[-48.0476,-15.7537],[-48.0369,-15.753],[-48.0172,-15.7516],[-48.0114,-15.7528],[-48.0069,-15.7539],[-48.0047,-15.7548],[-48.0036,-15.7554],[-47.9994,-15.7601],[-47.9888,-15.7715],[-47.9784,-15.7825],[-47.9773,-15.7821],[-47.9712,-15.7766],[-47.9756,-15.772],[-47.9758,-15.766],[-47.9763,-15.7642],[-47.9761,-15.7632],[-47.9728,-15.7558],[-47.9696,-15.7526],[-47.9633,-15.7489],[-47.949,-15.7478],[-47.9423,-15.7479],[-47.9279,-15.7402],[-47.9211,-15.7442],[-47.9212,-15.7426],[-47.9195,-15.74],[-47.9173,-15.74],[-47.917,-15.7402],[-47.9265,-15.7555],[-47.934,-15.7676],[-47.9363,-15.7712],[-47.937,-15.773],[-47.9385,-15.7773],[-47.9293,-15.7802],[-47.9139,-15.785],[-47.9144,-15.7864],[-47.9106,-15.7877],[-47.9085,-15.7885],[-47.9112,-15.7965],[-47.913,-15.7961],[-47.9136,-15.7981],[-47.9143,-15.7989],[-47.9197,-15.802],[-47.9208,-15.8025],[-47.9275,-15.8063],[-47.9289,-15.807],[-47.9318,-15.8079],[-47.9348,-15.8091],[-47.9395,-15.8108],[-47.941,-15.8111],[-47.9425,-15.811],[-47.9484,-15.8102],[-47.9505,-15.8232],[-47.9519,-15.8323],[-47.9533,-15.8406],[-47.9465,-15.8427],[-47.9414,-15.8443],[-47.9401,-15.8446],[-47.9315,-15.8451],[-47.9317,-15.8485],[-47.9323,-15.8513],[-47.9306,-15.8512],[-47.9294,-15.8514],[-47.9273,-15.8512],[-47.9268,-15.8509],[-47.9252,-15.8509],[-47.9249,-15.8517],[-47.9234,-15.8514],[-47.9227,-15.8516],[-47.9209,-15.8514],[-47.9199,-15.8516],[-47.9177,-15.8506],[-47.9161,-15.8497],[-47.9145,-15.8484],[-47.9117,-15.8469],[-47.9091,-15.8461],[-47.9073,-15.8459],[-47.9057,-15.8452],[-47.9043,-15.8441],[-47.9035,-15.8444],[-47.9024,-15.8438],[-47.8987,-15.8418],[-47.8979,-15.8407],[-47.8937,-15.8411],[-47.8923,-15.841],[-47.8906,-15.8401],[-47.8897,-15.8393],[-47.8871,-15.8378],[-47.8861,-15.837],[-47.8847,-15.8352],[-47.8843,-15.8337],[-47.8839,-15.831],[-47.8834,-15.83],[-47.8832,-15.8286],[-47.8819,-15.829],[-47.8804,-15.8282],[-47.8798,-15.8275],[-47.8791,-15.8258],[-47.8777,-15.8254],[-47.8771,-15.8247],[-47.876,-15.8246],[-47.8748,-15.8248],[-47.8724,-15.8242],[-47.8719,-15.8245],[-47.8712,-15.8256],[-47.8708,-15.8266],[-47.8716,-15.8271],[-47.872,-15.8279],[-47.8713,-15.8297],[-47.8704,-15.83],[-47.8694,-15.8296],[-47.8681,-15.8286],[-47.8661,-15.8279],[-47.8646,-15.8283],[-47.8635,-15.8283],[-47.8617,-15.828],[-47.86,-15.8274],[-47.8581,-15.827],[-47.8557,-15.8273],[-47.8549,-15.8279],[-47.8549,-15.8295],[-47.8571,-15.8309],[-47.8575,-15.8315],[-47.8584,-15.832],[-47.8593,-15.8332],[-47.8609,-15.8347],[-47.8616,-15.8357],[-47.8634,-15.8377],[-47.8648,-15.8396],[-47.8667,-15.8415],[-47.8677,-15.8438],[-47.8686,-15.8453],[-47.869,-15.8471],[-47.8698,-15.8478],[-47.8698,-15.8484],[-47.8685,-15.8493],[-47.8681,-15.8505],[-47.8686,-15.8512],[-47.8691,-15.8529],[-47.8704,-15.8537],[-47.8709,-15.8548],[-47.873,-15.8562],[-47.8734,-15.857],[-47.8743,-15.8577],[-47.8741,-15.8583],[-47.872,-15.859],[-47.8706,-15.8582],[-47.87,-15.8566],[-47.8695,-15.8567],[-47.8688,-15.8559],[-47.8688,-15.8547],[-47.8697,-15.854],[-47.8674,-15.8532],[-47.8675,-15.8526],[-47.8668,-15.8523],[-47.8652,-15.8526],[-47.8636,-15.852],[-47.8609,-15.8524],[-47.8601,-15.853],[-47.8588,-15.8532],[-47.8584,-15.8515],[-47.8603,-15.8508],[-47.8619,-15.8508],[-47.8631,-15.8501],[-47.8638,-15.8499],[-47.8633,-15.8487],[-47.8608,-15.8456],[-47.8596,-15.8452],[-47.858,-15.8441],[-47.8568,-15.8425],[-47.8542,-15.8402],[-47.8528,-15.8394],[-47.8516,-15.8392],[-47.8485,-15.8402],[-47.8467,-15.8397],[-47.8436,-15.839],[-47.8427,-15.8393],[-47.8414,-15.8392],[-47.8409,-15.8387],[-47.8398,-15.836],[-47.8385,-15.8339],[-47.8371,-15.8325],[-47.8354,-15.8315],[-47.8326,-15.8308],[-47.8315,-15.8308],[-47.8302,-15.8315],[-47.8291,-15.8318],[-47.8283,-15.8324],[-47.8251,-15.8328],[-47.8255,-15.8321],[-47.8268,-15.8308],[-47.8274,-15.8294],[-47.8275,-15.8286],[-47.8271,-15.8278],[-47.8254,-15.8264],[-47.8251,-15.826],[-47.8238,-15.8254],[-47.8231,-15.8253],[-47.8231,-15.8245],[-47.8222,-15.823],[-47.8216,-15.8222],[-47.8189,-15.8211],[-47.8174,-15.821],[-47.8166,-15.8207],[-47.8178,-15.8192],[-47.819,-15.8181],[-47.8194,-15.8172],[-47.8191,-15.8151],[-47.8186,-15.8134],[-47.8186,-15.8127],[-47.8182,-15.8102],[-47.8189,-15.809],[-47.8174,-15.808],[-47.817,-15.8057],[-47.8139,-15.8065],[-47.8134,-15.8059],[-47.8147,-15.8047],[-47.8152,-15.8039],[-47.8153,-15.8029],[-47.8143,-15.8016],[-47.8135,-15.7998],[-47.8122,-15.7974],[-47.8097,-15.7954],[-47.8104,-15.7945],[-47.8092,-15.7932],[-47.808,-15.7929],[-47.8055,-15.7928],[-47.804,-15.7924],[-47.8035,-15.7928],[-47.8025,-15.793],[-47.8034,-15.7945],[-47.8017,-15.794],[-47.8013,-15.7949],[-47.7996,-15.7947],[-47.7986,-15.7952],[-47.7987,-15.797],[-47.7982,-15.7972],[-47.7978,-15.796],[-47.7958,-15.796],[-47.7953,-15.7969],[-47.7947,-15.7959],[-47.7938,-15.7963],[-47.7919,-15.7955],[-47.7914,-15.7957],[-47.7897,-15.7957],[-47.7892,-15.796],[-47.7892,-15.7972],[-47.7896,-15.7981],[-47.7893,-15.7985],[-47.7894,-15.8],[-47.7886,-15.7999],[-47.7883,-15.8007],[-47.7873,-15.8018],[-47.7859,-15.8022],[-47.7839,-15.7979],[-47.7845,-15.7971],[-47.7847,-15.7946],[-47.7844,-15.7938],[-47.7854,-15.7936],[-47.7855,-15.7918],[-47.7858,-15.7909],[-47.7865,-15.7904],[-47.7872,-15.7909],[-47.7879,-15.7893],[-47.7884,-15.7894],[-47.7891,-15.7907],[-47.7894,-15.7905],[-47.7894,-15.7886],[-47.7902,-15.7898],[-47.791,-15.7903],[-47.7922,-15.79],[-47.7932,-15.7906],[-47.7937,-15.7899],[-47.7947,-15.7895],[-47.7954,-15.7888],[-47.7959,-15.7895],[-47.7966,-15.7897],[-47.7971,-15.7903],[-47.7981,-15.7905],[-47.7983,-15.7899],[-47.7993,-15.7903],[-47.8015,-15.789],[-47.8026,-15.7892],[-47.805,-15.7884],[-47.8064,-15.7876],[-47.8069,-15.7868],[-47.8063,-15.7856],[-47.808,-15.784],[-47.8081,-15.7836],[-47.8101,-15.7815],[-47.8112,-15.7792],[-47.8137,-15.7772],[-47.8146,-15.7762],[-47.8165,-15.7752],[-47.8174,-15.7739],[-47.8173,-15.7716],[-47.8178,-15.7694],[-47.8182,-15.7668],[-47.8189,-15.7651],[-47.8184,-15.7644],[-47.8173,-15.7647],[-47.8163,-15.7647],[-47.8144,-15.7641],[-47.8137,-15.7637],[-47.8153,-15.7629],[-47.8173,-15.7612],[-47.819,-15.7602],[-47.8199,-15.7586],[-47.8192,-15.7565],[-47.8186,-15.7552],[-47.8163,-15.752],[-47.8161,-15.7515],[-47.8171,-15.7511],[-47.8202,-15.7527],[-47.8213,-15.7523],[-47.8221,-15.7513],[-47.8219,-15.7504],[-47.8211,-15.7491],[-47.8217,-15.7482],[-47.8231,-15.7472],[-47.824,-15.7456],[-47.8253,-15.7448],[-47.8264,-15.7449],[-47.8274,-15.7443],[-47.828,-15.7432],[-47.8288,-15.7427],[-47.8298,-15.743],[-47.8312,-15.7429],[-47.8322,-15.7423],[-47.8321,-15.7417],[-47.8331,-15.7409],[-47.8349,-15.7415],[-47.8355,-15.7414],[-47.8364,-15.7402],[-47.8367,-15.7388],[-47.836,-15.7372],[-47.8381,-15.7363],[-47.8386,-15.7353],[-47.8384,-15.7346],[-47.8392,-15.7342],[-47.8409,-15.7351],[-47.844,-15.7348],[-47.8445,-15.734],[-47.8461,-15.7333],[-47.8465,-15.7321],[-47.8475,-15.73],[-47.8485,-15.7292],[-47.8509,-15.7282],[-47.8522,-15.728],[-47.8529,-15.7272],[-47.8537,-15.7273],[-47.8554,-15.7259],[-47.8577,-15.7243],[-47.8591,-15.7245],[-47.8588,-15.7251],[-47.8594,-15.7255],[-47.8593,-15.7265],[-47.8574,-15.7278],[-47.8574,-15.729],[-47.8565,-15.7296],[-47.856,-15.7306],[-47.8552,-15.731],[-47.8534,-15.7312],[-47.8531,-15.7325],[-47.8508,-15.7347],[-47.8498,-15.7353],[-47.8488,-15.7365],[-47.8473,-15.7378],[-47.8456,-15.7382],[-47.8443,-15.7389],[-47.8426,-15.7411],[-47.8411,-15.7434],[-47.8401,-15.7442],[-47.8386,-15.745],[-47.8357,-15.7457],[-47.8326,-15.7472],[-47.8296,-15.7492],[-47.8277,-15.7507],[-47.8275,-15.7513],[-47.828,-15.7527],[-47.8287,-15.7537],[-47.8298,-15.7547],[-47.8299,-15.756],[-47.8295,-15.757],[-47.8283,-15.7584],[-47.8273,-15.7591],[-47.827,-15.7607],[-47.8281,-15.7631],[-47.8283,-15.7658],[-47.8292,-15.7697],[-47.8311,-15.773],[-47.8319,-15.7736],[-47.8336,-15.7732],[-47.8349,-15.7717],[-47.8351,-15.7709],[-47.8346,-15.7701],[-47.8346,-15.7688],[-47.8351,-15.7675],[-47.8356,-15.7671],[-47.8356,-15.7662],[-47.8362,-15.7655],[-47.8375,-15.7646],[-47.8393,-15.764],[-47.8405,-15.7633],[-47.8411,-15.7621],[-47.8426,-15.7606],[-47.8448,-15.76],[-47.8452,-15.7592],[-47.8452,-15.7572],[-47.8461,-15.7553],[-47.8468,-15.7546],[-47.8487,-15.7535],[-47.8503,-15.7527],[-47.8522,-15.7509],[-47.8553,-15.7495],[-47.8564,-15.7493],[-47.858,-15.7487],[-47.8594,-15.7479],[-47.8614,-15.7479],[-47.8627,-15.7474],[-47.8631,-15.7468],[-47.8632,-15.7456],[-47.8642,-15.7445],[-47.8658,-15.7433],[-47.8675,-15.7425],[-47.8692,-15.7424],[-47.8703,-15.7421],[-47.8725,-15.7411],[-47.8738,-15.7392],[-47.8753,-15.7381],[-47.8764,-15.7364],[-47.8765,-15.7353],[-47.878,-15.7335],[-47.878,-15.7329],[-47.8796,-15.7309],[-47.8813,-15.73],[-47.8826,-15.7298],[-47.8833,-15.7292],[-47.8847,-15.7288],[-47.8866,-15.7294],[-47.887,-15.7292],[-47.8896,-15.7297],[-47.8917,-15.7297],[-47.8936,-15.7294],[-47.8941,-15.7301],[-47.8948,-15.7302],[-47.8951,-15.7289],[-47.8964,-15.7284],[-47.8968,-15.7279],[-47.8976,-15.7279],[-47.8991,-15.7272],[-47.9009,-15.7278],[-47.9021,-15.7278],[-47.9026,-15.7274],[-47.9044,-15.7272],[-47.9048,-15.7277],[-47.9062,-15.7274],[-47.9068,-15.7278],[-47.9082,-15.7278],[-47.9085,-15.7285],[-47.9095,-15.7286],[-47.9104,-15.7282],[-47.9108,-15.7286],[-47.912,-15.7284],[-47.9124,-15.7287],[-47.9141,-15.7282],[-47.915,-15.7283],[-47.9162,-15.728],[-47.9164,-15.7277],[-47.9179,-15.7273],[-47.92,-15.726],[-47.9207,-15.7261],[-47.9222,-15.7245],[-47.9216,-15.7222],[-47.9224,-15.7216],[-47.9223,-15.721],[-47.9226,-15.7195],[-47.9234,-15.7189],[-47.9232,-15.7181],[-47.9233,-15.7169],[-47.9229,-15.7164],[-47.9221,-15.7124],[-47.9218,-15.7104],[-47.9201,-15.703],[-47.9148,-15.6935],[-47.9147,-15.6939],[-47.9131,-15.6959],[-47.9114,-15.6953],[-47.9114,-15.6947],[-47.9103,-15.6945],[-47.9103,-15.6937],[-47.9084,-15.6935],[-47.9055,-15.6964],[-47.9021,-15.6948],[-47.8784,-15.6829],[-47.8759,-15.6796],[-47.8754,-15.6963],[-47.8676,-15.6923],[-47.8619,-15.6896],[-47.8595,-15.6882]]]},"properties":{"ra":"Plano Piloto","ra_num":1}},
{"type":"Feature","geometry":{"type":"Polygon","coordinates":[[[-48.0382,-15.9454],[-48.0395,-15.9476],[-48.0407,-15.9492],[-48.0422,-15.9506],[-48.0439,-15.9516],[-48.0452,-15.9522],[-48.048,-15.9531],[-48.0509,-15.9533],[-48.0524,-15.9531],[-48.0537,-15.9527],[-48.0555,-15.9518],[-48.0615,-15.9481],[-48.0622,-15.948],[-48.0735,-15.9409],[-48.0753,-15.9397],[-48.0773,-15.9389],[-48.0784,-15.9387],[-48.0797,-15.939],[-48.0806,-15.9395],[-48.0827,-15.9417],[-48.0833,-15.9413],[-48.0877,-15.9379],[-48.0912,-15.935],[-48.0914,-15.9345],[-48.0921,-15.9335],[-48.0944,-15.9322],[-48.0972,-15.9337],[-48.0986,-15.9347],[-48.0989,-15.9352],[-48.0999,-15.9356],[-48.1007,-15.9365],[-48.1021,-15.9371],[-48.1035,-15.9404],[-48.1033,-15.9409],[-48.1039,-15.942],[-48.1047,-15.9426],[-48.1053,-15.9433],[-48.1055,-15.9444],[-48.1064,-15.9446],[-48.1073,-15.9467],[-48.1082,-15.9471],[-48.1091,-15.9486],[-48.1107,-15.9497],[-48.1115,-15.9508],[-48.1127,-15.9516],[-48.114,-15.9511],[-48.115,-15.9519],[-48.1176,-15.9528],[-48.1188,-15.9537],[-48.1201,-15.9537],[-48.1203,-15.9548],[-48.1211,-15.9547],[-48.1212,-15.9554],[-48.1221,-15.9557],[-48.1225,-15.9542],[-48.1223,-15.953],[-48.1239,-15.9502],[-48.1239,-15.9496],[-48.1258,-15.9474],[-48.1264,-15.947],[-48.127,-15.944],[-48.1266,-15.9435],[-48.127,-15.9423],[-48.1275,-15.9428],[-48.1293,-15.9425],[-48.1311,-15.943],[-48.1334,-15.9449],[-48.1341,-15.9452],[-48.1358,-15.9452],[-48.1379,-15.9447],[-48.1395,-15.944],[-48.1408,-15.9437],[-48.1419,-15.9432],[-48.1438,-15.9432],[-48.1442,-15.943],[-48.147,-15.9434],[-48.1484,-15.9445],[-48.1508,-15.9456],[-48.1516,-15.9464],[-48.1534,-15.9471],[-48.1536,-15.9439],[-48.1531,-15.9344],[-48.1542,-15.9346],[-48.1556,-15.937],[-48.1568,-15.9371],[-48.1588,-15.9387],[-48.1602,-15.9403],[-48.1611,-15.9427],[-48.1627,-15.9452],[-48.1634,-15.9469],[-48.1664,-15.9468],[-48.1728,-15.9463],[-48.173,-15.9471],[-48.1751,-15.9467],[-48.1762,-15.9463],[-48.1791,-15.9467],[-48.1817,-15.9459],[-48.1857,-15.9455],[-48.1871,-15.9457],[-48.1873,-15.9467],[-48.1869,-15.9487],[-48.1866,-15.9496],[-48.187,-15.9526],[-48.1869,-15.9534],[-48.1884,-15.9561],[-48.1885,-15.9569],[-48.1898,-15.9586],[-48.1904,-15.959],[-48.191,-15.96],[-48.1918,-15.9604],[-48.1919,-15.9614],[-48.1924,-15.9615],[-48.1926,-15.9629],[-48.1932,-15.9639],[-48.1957,-15.9627],[-48.1971,-15.9634],[-48.1986,-15.964],[-48.1998,-15.9635],[-48.2,-15.9626],[-48.2007,-15.9623],[-48.2012,-15.9629],[-48.2023,-15.9633],[-48.2032,-15.9633],[-48.2047,-15.9642],[-48.2061,-15.9642],[-48.2069,-15.9647],[-48.2091,-15.9652],[-48.2094,-15.9649],[-48.2111,-15.9651],[-48.2123,-15.9662],[-48.2129,-15.9659],[-48.2141,-15.9661],[-48.2146,-15.9672],[-48.2158,-15.9674],[-48.217,-15.968],[-48.2172,-15.9685],[-48.2187,-15.9695],[-48.2191,-15.969],[-48.2198,-15.9696],[-48.2206,-15.9694],[-48.2212,-15.9705],[-48.2231,-15.9707],[-48.2237,-15.9698],[-48.2245,-15.9699],[-48.2246,-15.9707],[-48.2252,-15.9713],[-48.2261,-15.9709],[-48.2285,-15.9712],[-48.2295,-15.9705],[-48.2303,-15.971],[-48.2325,-15.972],[-48.2332,-15.9718],[-48.2346,-15.9718],[-48.2352,-15.9722],[-48.2358,-15.9719],[-48.237,-15.9724],[-48.2383,-15.9725],[-48.2384,-15.9718],[-48.24,-15.9719],[-48.2415,-15.9721],[-48.2436,-15.9728],[-48.2445,-15.9733],[-48.2447,-15.9727],[-48.2456,-15.9723],[-48.2461,-15.9737],[-48.2471,-15.9747],[-48.2473,-15.9756],[-48.2493,-15.9755],[-48.2515,-15.9757],[-48.2521,-15.9761],[-48.2533,-15.9759],[-48.2535,-15.977],[-48.2553,-15.9773],[-48.2565,-15.9771],[-48.258,-15.9777],[-48.2585,-15.9772],[-48.2593,-15.9784],[-48.2604,-15.9787],[-48.2606,-15.9791],[-48.2599,-15.9802],[-48.2589,-15.9803],[-48.2584,-15.9813],[-48.2591,-15.9822],[-48.2582,-15.9834],[-48.2591,-15.9839],[-48.2595,-15.9847],[-48.2615,-15.9851],[-48.262,-15.9862],[-48.2623,-15.9876],[-48.2628,-15.9889],[-48.2623,-15.9896],[-48.262,-15.9905],[-48.263,-15.9919],[-48.2639,-15.9926],[-48.2625,-15.9946],[-48.2628,-15.9953],[-48.264,-15.9963],[-48.2654,-15.9967],[-48.2654,-15.9979],[-48.2659,-15.9983],[-48.2662,-15.9991],[-48.2661,-16.001],[-48.2672,-16.001],[-48.2679,-16.002],[-48.2687,-16.0023],[-48.27,-16.0041],[-48.2697,-16.005],[-48.2704,-16.0061],[-48.2711,-16.008],[-48.2724,-16.0091],[-48.2714,-16.0097],[-48.2721,-16.0109],[-48.2723,-16.0129],[-48.272,-16.0139],[-48.2712,-16.0145],[-48.2717,-16.0153],[-48.271,-16.0156],[-48.2701,-16.0167],[-48.27,-16.0185],[-48.2706,-16.0199],[-48.2699,-16.0224],[-48.2711,-16.0236],[-48.2722,-16.0237],[-48.2723,-16.0247],[-48.2715,-16.0247],[-48.2722,-16.0258],[-48.2714,-16.027],[-48.272,-16.0274],[-48.2723,-16.029],[-48.273,-16.0306],[-48.2719,-16.0318],[-48.2729,-16.0324],[-48.2731,-16.0331],[-48.2741,-16.034],[-48.2741,-16.0349],[-48.2733,-16.0352],[-48.2735,-16.0358],[-48.2754,-16.0364],[-48.2771,-16.0391],[-48.2768,-16.0407],[-48.2775,-16.0414],[-48.2786,-16.0416],[-48.2785,-16.0422],[-48.2774,-16.044],[-48.2787,-16.0449],[-48.2782,-16.0456],[-48.2777,-16.0473],[-48.2778,-16.0478],[-48.2772,-16.0496],[-48.0486,-16.0501],[-48.043,-16.043],[-48.0471,-16.0374],[-48.0482,-16.0365],[-48.05,-16.0359],[-48.0518,-16.0362],[-48.053,-16.0368],[-48.0541,-16.0371],[-48.0533,-16.0355],[-48.0517,-16.0332],[-48.0509,-16.031],[-48.0495,-16.0299],[-48.0492,-16.0283],[-48.0492,-16.0276],[-48.0481,-16.027],[-48.0478,-16.0256],[-48.0465,-16.024],[-48.0459,-16.0225],[-48.0457,-16.021],[-48.045,-16.0202],[-48.0438,-16.0196],[-48.043,-16.0198],[-48.042,-16.0196],[-48.0404,-16.0203],[-48.0395,-16.02],[-48.0374,-16.0179],[-48.0364,-16.0174],[-48.0351,-16.016],[-48.0346,-16.0159],[-48.0333,-16.0147],[-48.0324,-16.0143],[-48.0314,-16.0128],[-48.0298,-16.0116],[-48.0292,-16.0107],[-48.0284,-16.0104],[-48.0277,-16.0091],[-48.0265,-16.0085],[-48.0259,-16.0085],[-48.0241,-16.0072],[-48.023,-16.0061],[-48.0215,-16.0051],[-48.0211,-16.0052],[-48.0207,-16.0041],[-48.0192,-16.0031],[-48.018,-16.0026],[-48.0178,-16.0017],[-48.015,-15.9995],[-48.0143,-15.9994],[-48.0135,-15.9986],[-48.0132,-15.9979],[-48.0115,-15.9971],[-48.0106,-15.9929],[-48.0093,-15.9899],[-48.0088,-15.9894],[-48.007,-15.9861],[-48.0045,-15.9778],[-48.0081,-15.9768],[-48.0102,-15.9758],[-48.0131,-15.9741],[-48.0149,-15.9726],[-48.016,-15.9715],[-48.0207,-15.9661],[-48.0226,-15.9639],[-48.0371,-15.9468],[-48.0382,-15.9454]]]},"properties":{"ra":"Gama","ra_num":2}},
{"type":"Feature","geometry":{"type":"Polygon","coordinates":[[[-48.0348,-15.5024],[-48.2,-15.5023],[-48.2,-15.5627],[-48.2,-15.6007],[-48.2,-15.6231],[-48.2008,-15.623],[-48.2023,-15.6234],[-48.2032,-15.6243],[-48.2044,-15.6242],[-48.2051,-15.6237],[-48.206,-15.6237],[-48.2076,-15.6231],[-48.2089,-15.6232],[-48.211,-15.6226],[-48.2118,-15.6225],[-48.2138,-15.6229],[-48.2152,-15.6227],[-48.2169,-15.6221],[-48.218,-15.6231],[-48.2185,-15.6242],[-48.2199,-15.6259],[-48.2205,-15.6272],[-48.2209,-15.6275],[-48.2233,-15.6282],[-48.2247,-15.6292],[-48.2258,-15.6304],[-48.226,-15.6313],[-48.2275,-15.6328],[-48.2283,-15.6333],[-48.2293,-15.6354],[-48.2296,-15.6373],[-48.2299,-15.6378],[-48.2319,-15.6394],[-48.2327,-15.6406],[-48.234,-15.6412],[-48.2341,-15.6422],[-48.2346,-15.6435],[-48.2351,-15.647],[-48.2355,-15.6484],[-48.2363,-15.6495],[-48.2365,-15.6505],[-48.2362,-15.6521],[-48.2356,-15.6544],[-48.2348,-15.656],[-48.2337,-15.6574],[-48.2342,-15.6579],[-48.2349,-15.6598],[-48.2352,-15.6616],[-48.2346,-15.6653],[-48.2346,-15.6667],[-48.2351,-15.6688],[-48.237,-15.6723],[-48.2375,-15.6743],[-48.2379,-15.6764],[-48.2386,-15.6778],[-48.2389,-15.6794],[-48.2395,-15.6795],[-48.2394,-15.6809],[-48.2396,-15.6822],[-48.2409,-15.6857],[-48.2413,-15.6864],[-48.2414,-15.6879],[-48.2411,-15.6906],[-48.2407,-15.6919],[-48.2406,-15.6929],[-48.2414,-15.6931],[-48.2414,-15.694],[-48.2398,-15.6951],[-48.2395,-15.6965],[-48.2392,-15.6967],[-48.2395,-15.6984],[-48.2401,-15.6994],[-48.24,-15.7007],[-48.2405,-15.7018],[-48.2403,-15.703],[-48.2415,-15.7043],[-48.2411,-15.705],[-48.241,-15.7059],[-48.2393,-15.7072],[-48.2391,-15.7076],[-48.2375,-15.7084],[-48.2369,-15.7079],[-48.2365,-15.7087],[-48.2348,-15.709],[-48.2334,-15.7085],[-48.2325,-15.7095],[-48.2304,-15.7096],[-48.23,-15.7093],[-48.2288,-15.7093],[-48.2279,-15.7087],[-48.227,-15.7089],[-48.2252,-15.7098],[-48.2239,-15.7095],[-48.2228,-15.7081],[-48.2219,-15.7082],[-48.2213,-15.709],[-48.2205,-15.7087],[-48.2191,-15.709],[-48.2172,-15.7099],[-48.2159,-15.7101],[-48.2139,-15.7112],[-48.2103,-15.7128],[-48.2078,-15.7177],[-48.2077,-15.7238],[-48.2066,-15.7323],[-48.2082,-15.7403],[-48.2056,-15.747],[-48.2056,-15.7503],[-48.2034,-15.7504],[-48.1967,-15.7494],[-48.1933,-15.7486],[-48.1895,-15.7472],[-48.1888,-15.7467],[-48.1864,-15.7462],[-48.1853,-15.7465],[-48.182,-15.748],[-48.1776,-15.7507],[-48.1759,-15.7518],[-48.1751,-15.7527],[-48.1743,-15.7526],[-48.1737,-15.7508],[-48.1724,-15.7507],[-48.1709,-15.7515],[-48.1699,-15.7524],[-48.1683,-15.7531],[-48.1674,-15.7533],[-48.1667,-15.7547],[-48.1659,-15.7555],[-48.1654,-15.7555],[-48.1647,-15.7564],[-48.1634,-15.7568],[-48.163,-15.7576],[-48.1613,-15.7591],[-48.1611,-15.7596],[-48.159,-15.7621],[-48.1592,-15.763],[-48.1589,-15.7637],[-48.1579,-15.7639],[-48.1584,-15.7653],[-48.158,-15.7663],[-48.1583,-15.767],[-48.1571,-15.7675],[-48.1565,-15.7673],[-48.1545,-15.7678],[-48.1534,-15.7678],[-48.1517,-15.7681],[-48.1509,-15.768],[-48.1497,-15.7687],[-48.1484,-15.769],[-48.1472,-15.7686],[-48.1453,-15.7688],[-48.1438,-15.7681],[-48.1428,-15.7683],[-48.1418,-15.7677],[-48.1404,-15.7678],[-48.1382,-15.7682],[-48.1375,-15.7677],[-48.1359,-15.7682],[-48.1356,-15.7678],[-48.1346,-15.768],[-48.1343,-15.7693],[-48.1337,-15.7698],[-48.1326,-15.7698],[-48.1315,-15.7714],[-48.1302,-15.771],[-48.1281,-15.7695],[-48.1268,-15.7698],[-48.1263,-15.7692],[-48.1252,-15.7691],[-48.1249,-15.7698],[-48.1236,-15.77],[-48.1234,-15.7696],[-48.1223,-15.7699],[-48.1211,-15.77],[-48.1202,-15.7711],[-48.1188,-15.7707],[-48.117,-15.7712],[-48.1166,-15.771],[-48.1142,-15.7715],[-48.1119,-15.7704],[-48.1109,-15.7703],[-48.11,-15.7696],[-48.1086,-15.769],[-48.1077,-15.7693],[-48.1052,-15.7676],[-48.1027,-15.7668],[-48.0992,-15.7653],[-48.0975,-15.7659],[-48.0963,-15.7653],[-48.0949,-15.7651],[-48.0937,-15.7645],[-48.0913,-15.7635],[-48.0897,-15.7625],[-48.0886,-15.7616],[-48.0872,-15.7613],[-48.0853,-15.7601],[-48.0842,-15.76],[-48.083,-15.7596],[-48.0815,-15.7593],[-48.0805,-15.7582],[-48.0777,-15.7574],[-48.077,-15.7571],[-48.0757,-15.7579],[-48.0741,-15.7583],[-48.0726,-15.759],[-48.0713,-15.7587],[-48.0688,-15.7594],[-48.0683,-15.7585],[-48.0672,-15.7578],[-48.0664,-15.7569],[-48.0657,-15.7546],[-48.0666,-15.752],[-48.0672,-15.7511],[-48.0668,-15.7502],[-48.0677,-15.7497],[-48.0678,-15.7487],[-48.0683,-15.7481],[-48.0684,-15.7471],[-48.0698,-15.7457],[-48.0707,-15.7444],[-48.0715,-15.7424],[-48.0725,-15.7414],[-48.0722,-15.7404],[-48.0727,-15.7389],[-48.0737,-15.7376],[-48.0729,-15.7365],[-48.0757,-15.7354],[-48.078,-15.7341],[-48.0813,-15.732],[-48.0837,-15.7298],[-48.0848,-15.7282],[-48.0856,-15.7265],[-48.0862,-15.7248],[-48.0865,-15.7231],[-48.0868,-15.7204],[-48.0883,-15.6985],[-48.0897,-15.6805],[-48.0896,-15.6778],[-48.0892,-15.6759],[-48.0857,-15.6636],[-48.0793,-15.6417],[-48.0768,-15.633],[-48.0763,-15.6315],[-48.0753,-15.6295],[-48.0736,-15.6273],[-48.0721,-15.6259],[-48.07,-15.6246],[-48.0595,-15.6197],[-48.0541,-15.6172],[-48.0486,-15.6147],[-48.0463,-15.6134],[-48.0451,-15.6125],[-48.0435,-15.6109],[-48.0385,-15.6048],[-48.0339,-15.5991],[-48.0292,-15.5934],[-48.0276,-15.5916],[-48.0261,-15.5903],[-48.017,-15.5824],[-48.0218,-15.5766],[-48.0235,-15.5746],[-48.0249,-15.573],[-48.0347,-15.5657],[-48.0354,-15.5642],[-48.0353,-15.5633],[-48.034,-15.5605],[-48.0336,-15.5589],[-48.0339,-15.557],[-48.0349,-15.5551],[-48.0361,-15.554],[-48.0417,-15.5508],[-48.0431,-15.5492],[-48.0437,-15.5477],[-48.0439,-15.5466],[-48.0436,-15.5447],[-48.0426,-15.5425],[-48.0416,-15.5412],[-48.0362,-15.5364],[-48.0329,-15.5333],[-48.0319,-15.5317],[-48.0319,-15.5309],[-48.0328,-15.5307],[-48.0343,-15.5315],[-48.0355,-15.5312],[-48.0379,-15.5277],[-48.0387,-15.5259],[-48.0391,-15.5245],[-48.0398,-15.5191],[-48.0397,-15.5179],[-48.0394,-15.5166],[-48.0371,-15.5109],[-48.0342,-15.505],[-48.0341,-15.504],[-48.0348,-15.5024]]]},"properties":{"ra":"Brazlândia","ra_num":4}},
{"type":"Feature","geometry":{"type":"Polygon","coordinates":[[[-47.7638,-15.5273],[-47.7655,-15.5276],[-47.7679,-15.5268],[-47.7698,-15.5266],[-47.7712,-15.5271],[-47.7732,-15.5285],[-47.7747,-15.5292],[-47.7759,-15.5295],[-47.7776,-15.5295],[-47.78,-15.5291],[-47.7905,-15.5246],[-47.7927,-15.5243],[-47.8019,-15.5256],[-47.8035,-15.5256],[-47.8053,-15.5253],[-47.81,-15.5237],[-47.8114,-15.5234],[-47.8131,-15.5234],[-47.815,-15.5238],[-47.8213,-15.5263],[-47.8294,-15.5296],[-47.8316,-15.5301],[-47.8348,-15.5303],[-47.8354,-15.5308],[-47.8359,-15.5322],[-47.8365,-15.5397],[-47.8365,-15.5414],[-47.8362,-15.5435],[-47.8354,-15.5472],[-47.8353,-15.5482],[-47.836,-15.5502],[-47.8411,-15.5572],[-47.8406,-15.558],[-47.8409,-15.5589],[-47.8408,-15.5602],[-47.8403,-15.5613],[-47.8391,-15.5621],[-47.8389,-15.5635],[-47.8392,-15.5648],[-47.8403,-15.5657],[-47.841,-15.5659],[-47.8409,-15.5666],[-47.84,-15.5678],[-47.84,-15.5686],[-47.8391,-15.569],[-47.8395,-15.5715],[-47.8409,-15.5718],[-47.8416,-15.5725],[-47.8429,-15.5725],[-47.843,-15.573],[-47.8438,-15.5733],[-47.8435,-15.5751],[-47.8426,-15.5769],[-47.8435,-15.5786],[-47.8429,-15.5799],[-47.8432,-15.5812],[-47.8439,-15.5816],[-47.8436,-15.5829],[-47.8442,-15.5835],[-47.8439,-15.5845],[-47.844,-15.5864],[-47.8438,-15.5874],[-47.8423,-15.5884],[-47.841,-15.5886],[-47.8409,-15.589],[-47.8423,-15.5894],[-47.843,-15.5901],[-47.8423,-15.5907],[-47.8374,-15.5929],[-47.8367,-15.5937],[-47.8361,-15.5963],[-47.8358,-15.5983],[-47.8344,-15.5993],[-47.8341,-15.5998],[-47.8341,-15.6023],[-47.8333,-15.6028],[-47.8327,-15.6026],[-47.8303,-15.6028],[-47.8288,-15.6047],[-47.8204,-15.6109],[-47.8197,-15.6117],[-47.8185,-15.6157],[-47.8158,-15.6208],[-47.816,-15.6215],[-47.8171,-15.6218],[-47.8186,-15.6215],[-47.8202,-15.6215],[-47.8223,-15.6223],[-47.8236,-15.6235],[-47.8245,-15.6251],[-47.8248,-15.6265],[-47.8248,-15.6287],[-47.8247,-15.6307],[-47.8241,-15.6326],[-47.8229,-15.6346],[-47.8226,-15.6357],[-47.8219,-15.6369],[-47.8209,-15.6399],[-47.8202,-15.641],[-47.8197,-15.6413],[-47.8123,-15.6434],[-47.8119,-15.6446],[-47.8128,-15.6454],[-47.8128,-15.6462],[-47.8139,-15.6472],[-47.8146,-15.6483],[-47.816,-15.6498],[-47.8164,-15.6524],[-47.8174,-15.6538],[-47.8155,-15.6574],[-47.8146,-15.6574],[-47.8133,-15.6594],[-47.8129,-15.6597],[-47.8128,-15.6606],[-47.8123,-15.6612],[-47.8125,-15.6619],[-47.8123,-15.6629],[-47.8108,-15.664],[-47.809,-15.6664],[-47.8126,-15.668],[-47.8165,-15.6707],[-47.8266,-15.6776],[-47.8289,-15.6789],[-47.8299,-15.6793],[-47.854,-15.687],[-47.8553,-15.6874],[-47.8595,-15.6882],[-47.8581,-15.6892],[-47.8526,-15.6922],[-47.8501,-15.6928],[-47.8489,-15.6929],[-47.8389,-15.6929],[-47.8376,-15.693],[-47.8359,-15.6934],[-47.8341,-15.6943],[-47.7942,-15.7216],[-47.7923,-15.7232],[-47.791,-15.7251],[-47.7901,-15.7275],[-47.7816,-15.7244],[-47.7814,-15.724],[-47.7786,-15.7244],[-47.7767,-15.7245],[-47.7741,-15.7241],[-47.7728,-15.7236],[-47.7711,-15.7227],[-47.7699,-15.7216],[-47.7619,-15.7133],[-47.7618,-15.714],[-47.7604,-15.7149],[-47.7596,-15.715],[-47.7592,-15.7157],[-47.7574,-15.7176],[-47.7564,-15.7175],[-47.7556,-15.7181],[-47.7541,-15.7181],[-47.753,-15.7191],[-47.7521,-15.7194],[-47.751,-15.7204],[-47.751,-15.721],[-47.7501,-15.7218],[-47.748,-15.7232],[-47.7475,-15.724],[-47.7458,-15.724],[-47.7444,-15.7245],[-47.7445,-15.7252],[-47.7438,-15.7256],[-47.7435,-15.7267],[-47.7426,-15.7277],[-47.7418,-15.7275],[-47.7411,-15.7278],[-47.7399,-15.7279],[-47.7382,-15.7277],[-47.737,-15.7279],[-47.7353,-15.7267],[-47.7343,-15.7268],[-47.7333,-15.7263],[-47.7319,-15.7268],[-47.7307,-15.727],[-47.7293,-15.7283],[-47.7285,-15.7278],[-47.7277,-15.7279],[-47.7261,-15.7271],[-47.7256,-15.7272],[-47.7238,-15.7266],[-47.7231,-15.7269],[-47.7211,-15.7265],[-47.7196,-15.7253],[-47.7187,-15.7256],[-47.718,-15.727],[-47.7166,-15.7271],[-47.7154,-15.7277],[-47.7146,-15.7277],[-47.7133,-15.7283],[-47.7124,-15.7278],[-47.7111,-15.7275],[-47.7099,-15.7267],[-47.7094,-15.7275],[-47.7072,-15.7269],[-47.7051,-15.7271],[-47.7033,-15.7264],[-47.7026,-15.7284],[-47.7012,-15.7284],[-47.7009,-15.7274],[-47.7,-15.7276],[-47.6987,-15.7271],[-47.6966,-15.727],[-47.6952,-15.7262],[-47.693,-15.7258],[-47.6913,-15.7265],[-47.6895,-15.7269],[-47.6887,-15.7278],[-47.6884,-15.7287],[-47.6874,-15.7294],[-47.6851,-15.7304],[-47.6848,-15.7311],[-47.684,-15.731],[-47.6831,-15.7315],[-47.6829,-15.7321],[-47.6818,-15.7321],[-47.6815,-15.7329],[-47.6806,-15.7338],[-47.6799,-15.734],[-47.6787,-15.7338],[-47.6786,-15.7331],[-47.6772,-15.7319],[-47.6769,-15.7324],[-47.6759,-15.7323],[-47.6746,-15.7311],[-47.6753,-15.7307],[-47.6752,-15.7301],[-47.6737,-15.7294],[-47.6739,-15.7283],[-47.6753,-15.7278],[-47.6756,-15.7268],[-47.6766,-15.7263],[-47.6767,-15.7252],[-47.6762,-15.7248],[-47.6761,-15.7236],[-47.6746,-15.7231],[-47.6746,-15.7223],[-47.6754,-15.7221],[-47.6763,-15.7227],[-47.6766,-15.7216],[-47.6751,-15.7206],[-47.6755,-15.7197],[-47.6762,-15.7191],[-47.6757,-15.7174],[-47.6748,-15.7171],[-47.6741,-15.7164],[-47.675,-15.7159],[-47.6759,-15.7141],[-47.6756,-15.713],[-47.6751,-15.7127],[-47.6744,-15.7115],[-47.6731,-15.7109],[-47.6732,-15.7097],[-47.6741,-15.7089],[-47.6754,-15.7087],[-47.6758,-15.7077],[-47.6766,-15.7071],[-47.6777,-15.7074],[-47.6785,-15.707],[-47.6787,-15.7064],[-47.6801,-15.7058],[-47.6806,-15.7052],[-47.6818,-15.7051],[-47.682,-15.7047],[-47.6835,-15.7044],[-47.6842,-15.7038],[-47.6861,-15.7033],[-47.6883,-15.7034],[-47.6899,-15.7031],[-47.6909,-15.7022],[-47.6917,-15.7018],[-47.6923,-15.702],[-47.6927,-15.7013],[-47.6951,-15.7008],[-47.6963,-15.6997],[-47.6978,-15.6993],[-47.7003,-15.6993],[-47.7016,-15.6992],[-47.7033,-15.7002],[-47.7043,-15.7004],[-47.7049,-15.6999],[-47.7059,-15.7001],[-47.7078,-15.7],[-47.7095,-15.7003],[-47.7111,-15.6997],[-47.7133,-15.6992],[-47.715,-15.6982],[-47.7158,-15.6984],[-47.7171,-15.6973],[-47.7189,-15.6978],[-47.7217,-15.6969],[-47.7239,-15.6972],[-47.7249,-15.6976],[-47.7277,-15.6983],[-47.7294,-15.6986],[-47.7313,-15.6985],[-47.7315,-15.6979],[-47.7325,-15.6979],[-47.7344,-15.6961],[-47.735,-15.6959],[-47.7359,-15.6944],[-47.737,-15.6934],[-47.7395,-15.6917],[-47.7402,-15.691],[-47.7411,-15.6893],[-47.742,-15.6889],[-47.7445,-15.687],[-47.7459,-15.6864],[-47.7466,-15.6857],[-47.7464,-15.6852],[-47.7471,-15.6832],[-47.7466,-15.6805],[-47.746,-15.6792],[-47.7458,-15.6781],[-47.7443,-15.6762],[-47.7436,-15.6763],[-47.7423,-15.6753],[-47.7409,-15.6754],[-47.7402,-15.6747],[-47.7443,-15.6714],[-47.744,-15.671],[-47.7379,-15.6646],[-47.7407,-15.6597],[-47.7497,-15.6447],[-47.7523,-15.6403],[-47.753,-15.6396],[-47.7568,-15.6313],[-47.7598,-15.6248],[-47.7598,-15.6238],[-47.7595,-15.6224],[-47.7595,-15.621],[-47.76,-15.6191],[-47.7606,-15.6174],[-47.7628,-15.6157],[-47.7684,-15.6124],[-47.7727,-15.6095],[-47.7745,-15.6081],[-47.7749,-15.607],[-47.7812,-15.6008],[-47.7805,-15.5934],[-47.7729,-15.594],[-47.7656,-15.5924],[-47.7632,-15.5914],[-47.7646,-15.5898],[-47.7675,-15.5899],[-47.7689,-15.5896],[-47.7692,-15.5888],[-47.767,-15.588],[-47.7654,-15.588],[-47.7646,-15.5876],[-47.7658,-15.5855],[-47.7661,-15.5836],[-47.7656,-15.5822],[-47.7648,-15.5806],[-47.7628,-15.5796],[-47.7614,-15.5796],[-47.7607,-15.5793],[-47.7602,-15.5781],[-47.7607,-15.5747],[-47.7601,-15.573],[-47.7611,-15.5729],[-47.7616,-15.5721],[-47.7623,-15.5723],[-47.7632,-15.5714],[-47.7626,-15.5701],[-47.7623,-15.5678],[-47.7626,-15.5673],[-47.7637,-15.5665],[-47.7642,-15.5651],[-47.7648,-15.5649],[-47.7658,-15.5651],[-47.7667,-15.5646],[-47.7664,-15.5637],[-47.7673,-15.5618],[-47.7671,-15.5607],[-47.7665,-15.5601],[-47.7664,-15.5592],[-47.7659,-15.5586],[-47.7644,-15.5581],[-47.764,-15.5582],[-47.7636,-15.5593],[-47.7616,-15.5584],[-47.7609,-15.5575],[-47.7594,-15.5568],[-47.7591,-15.5558],[-47.7586,-15.5553],[-47.7569,-15.5545],[-47.7561,-15.5539],[-47.7552,-15.5526],[-47.7555,-15.5517],[-47.7549,-15.5513],[-47.7548,-15.5503],[-47.7566,-15.5487],[-47.7563,-15.5463],[-47.7559,-15.5459],[-47.7556,-15.5447],[-47.7548,-15.5438],[-47.7537,-15.544],[-47.7536,-15.5431],[-47.7531,-15.5423],[-47.752,-15.5428],[-47.7517,-15.5413],[-47.7522,-15.541],[-47.7513,-15.5397],[-47.7503,-15.5396],[-47.7501,-15.5387],[-47.7507,-15.5379],[-47.7515,-15.5374],[-47.7515,-15.5356],[-47.7512,-15.535],[-47.752,-15.5347],[-47.752,-15.534],[-47.7532,-15.533],[-47.7535,-15.5323],[-47.7542,-15.5321],[-47.7544,-15.5311],[-47.7537,-15.5303],[-47.7537,-15.5296],[-47.7543,-15.5293],[-47.7559,-15.5292],[-47.7565,-15.5283],[-47.7574,-15.5286],[-47.7573,-15.5293],[-47.7579,-15.5303],[-47.7585,-15.5308],[-47.7593,-15.5302],[-47.7599,-15.5281],[-47.7608,-15.5276],[-47.7619,-15.5273],[-47.7617,-15.5282],[-47.7627,-15.5286],[-47.7635,-15.5283],[-47.7638,-15.5273]]]},"properties":{"ra":"Sobradinho","ra_num":5}},
{"type":"Feature","geometry":{"type":"Polygon","coordinates":[[[-47.9323,-15.8513],[-47.9317,-15.8485],[-47.9315,-15.8451],[-47.9401,-15.8446],[-47.9414,-15.8443],[-47.9465,-15.8427],[-47.9533,-15.8406],[-47.9545,-15.8484],[-47.9587,-15.8746],[-47.9573,-15.8746],[-47.9563,-15.8743],[-47.9518,-15.8718],[-47.9442,-15.8669],[-47.9361,-15.8617],[-47.935,-15.8611],[-47.9323,-15.8513]]]},"properties":{"ra":"Candangolândia","ra_num":19}},
{"type":"Feature","geometry":{"type":"Polygon","coordinates":[[[-48.0384,-15.8744],[-48.0424,-15.8738],[-48.0438,-15.8738],[-48.0456,-15.8743],[-48.0475,-15.8754],[-48.0547,-15.8802],[-48.0567,-15.8812],[-48.0603,-15.8824],[-48.0582,-15.889],[-48.0541,-15.9017],[-48.0476,-15.9222],[-48.043,-15.9363],[-48.0417,-15.9397],[-48.0402,-15.9426],[-48.0382,-15.9454],[-48.0371,-15.9468],[-48.0226,-15.9639],[-48.0207,-15.9661],[-48.018,-15.9637],[-48.0001,-15.9476],[-48.0018,-15.9457],[-48.001,-15.9442],[-48.0008,-15.9434],[-47.9984,-15.9413],[-47.9971,-15.9396],[-47.9966,-15.938],[-47.9938,-15.9364],[-47.9932,-15.9354],[-47.9913,-15.9338],[-47.9898,-15.9329],[-47.9891,-15.9327],[-47.9867,-15.9307],[-47.9857,-15.9302],[-47.9835,-15.9281],[-47.9834,-15.9275],[-47.9838,-15.9264],[-47.9836,-15.925],[-47.9853,-15.925],[-47.9868,-15.924],[-47.9882,-15.9235],[-47.9894,-15.9224],[-47.9913,-15.9215],[-47.9924,-15.9212],[-47.9937,-15.9203],[-47.9948,-15.9201],[-47.9973,-15.9206],[-47.9996,-15.9217],[-48.0009,-15.9206],[-47.9997,-15.9184],[-48.0008,-15.9173],[-48.0005,-15.9163],[-48.0016,-15.9145],[-48.0027,-15.9131],[-48.0029,-15.9125],[-48.0026,-15.9116],[-48.0042,-15.9096],[-48.0056,-15.9089],[-48.0073,-15.9089],[-48.0093,-15.9074],[-48.0097,-15.9063],[-48.0116,-15.9061],[-48.0128,-15.9054],[-48.0143,-15.9044],[-48.0145,-15.9039],[-48.0164,-15.9021],[-48.0175,-15.9018],[-48.0176,-15.9014],[-48.0205,-15.8983],[-48.0212,-15.8984],[-48.0213,-15.8975],[-48.0223,-15.8979],[-48.0233,-15.8962],[-48.0237,-15.8953],[-48.0251,-15.8943],[-48.0251,-15.8937],[-48.0258,-15.8931],[-48.0259,-15.8924],[-48.0268,-15.8917],[-48.027,-15.8911],[-48.0278,-15.8903],[-48.0289,-15.8902],[-48.0303,-15.8897],[-48.0309,-15.8891],[-48.0324,-15.8883],[-48.0326,-15.8879],[-48.0337,-15.888],[-48.0343,-15.8876],[-48.0349,-15.8864],[-48.0347,-15.8857],[-48.0357,-15.8852],[-48.0375,-15.884],[-48.0386,-15.8831],[-48.0391,-15.8833],[-48.04,-15.8822],[-48.0395,-15.8803],[-48.0398,-15.877],[-48.0384,-15.8744]]]},"properties":{"ra":"Riacho Fundo II","ra_num":21}},
{"type":"Feature","geometry":{"type":"Polygon","coordinates":[[[-48.0005,-15.8773],[-48.0115,-15.8782],[-48.0133,-15.8781],[-48.0237,-15.8767],[-48.0278,-15.8759],[-48.0384,-15.8744],[-48.0398,-15.877],[-48.0395,-15.8803],[-48.04,-15.8822],[-48.0391,-15.8833],[-48.0386,-15.8831],[-48.0375,-15.884],[-48.0357,-15.8852],[-48.0347,-15.8857],[-48.0349,-15.8864],[-48.0343,-15.8876],[-48.0337,-15.888],[-48.0326,-15.8879],[-48.0324,-15.8883],[-48.0309,-15.8891],[-48.0303,-15.8897],[-48.0289,-15.8902],[-48.0278,-15.8903],[-48.027,-15.8911],[-48.0268,-15.8917],[-48.0259,-15.8924],[-48.0258,-15.8931],[-48.0251,-15.8937],[-48.0251,-15.8943],[-48.0237,-15.8953],[-48.0233,-15.8962],[-48.0223,-15.8979],[-48.0213,-15.8975],[-48.0212,-15.8984],[-48.0205,-15.8983],[-48.0176,-15.9014],[-48.0175,-15.9018],[-48.0164,-15.9021],[-48.0145,-15.9039],[-48.0143,-15.9044],[-48.0128,-15.9054],[-48.0116,-15.9061],[-48.0097,-15.9063],[-48.0093,-15.9074],[-48.0073,-15.9089],[-48.0056,-15.9089],[-48.0042,-15.9096],[-48.0026,-15.9116],[-48.0029,-15.9125],[-48.0027,-15.9131],[-48.0016,-15.9145],[-48.0005,-15.9163],[-48.0008,-15.9173],[-47.9997,-15.9184],[-48.0009,-15.9206],[-47.9996,-15.9217],[-47.9973,-15.9206],[-47.9948,-15.9201],[-47.9937,-15.9203],[-47.9924,-15.9212],[-47.9913,-15.9215],[-47.9894,-15.9224],[-47.9882,-15.9235],[-47.9868,-15.924],[-47.9853,-15.925],[-47.9836,-15.925],[-47.9832,-15.9239],[-47.9823,-15.923],[-47.9821,-15.922],[-47.9817,-15.9216],[-47.982,-15.9184],[-47.9819,-15.917],[-47.9832,-15.9155],[-47.984,-15.9139],[-47.9838,-15.9121],[-47.9844,-15.9098],[-47.9862,-15.907],[-47.9857,-15.905],[-47.9868,-15.904],[-47.9876,-15.9028],[-47.9875,-15.9014],[-47.9879,-15.901],[-47.9875,-15.8989],[-47.9877,-15.8982],[-47.9888,-15.8962],[-47.9892,-15.8938],[-47.9888,-15.8931],[-47.9886,-15.8914],[-47.989,-15.8909],[-47.9891,-15.8897],[-47.9887,-15.8885],[-47.9889,-15.8871],[-47.9886,-15.8857],[-47.9879,-15.8843],[-47.9867,-15.8835],[-47.9863,-15.8835],[-47.985,-15.8828],[-47.9839,-15.8818],[-47.9831,-15.8822],[-47.9811,-15.8812],[-47.979,-15.8805],[-47.9801,-15.8781],[-47.9808,-15.8782],[-47.9822,-15.8779],[-47.9835,-15.8781],[-47.9845,-15.8778],[-47.9864,-15.8775],[-47.9881,-15.8779],[-47.9923,-15.8781],[-47.9942,-15.8787],[-47.996,-15.8798],[-47.9986,-15.8798],[-48.0002,-15.8799],[-48.0005,-15.8773]]]},"properties":{"ra":"Riacho Fundo","ra_num":17}},
{"type":"Feature","geometry":{"type":"Polygon","coordinates":[[[-48.0382,-15.9454],[-48.0402,-15.9426],[-48.0417,-15.9397],[-48.043,-15.9363],[-48.0476,-15.9222],[-48.0541,-15.9017],[-48.0582,-15.889],[-48.0603,-15.8824],[-48.0626,-15.8831],[-48.0647,-15.8835],[-48.081,-15.8885],[-48.084,-15.8894],[-48.1017,-15.8947],[-48.1041,-15.8954],[-48.1296,-15.9031],[-48.1377,-15.9055],[-48.1405,-15.9066],[-48.1607,-15.9127],[-48.1618,-15.9132],[-48.1632,-15.9145],[-48.164,-15.9157],[-48.1663,-15.9236],[-48.1692,-15.9229],[-48.1701,-15.9224],[-48.172,-15.9195],[-48.1727,-15.9188],[-48.1742,-15.9182],[-48.1754,-15.9181],[-48.1781,-15.9189],[-48.1793,-15.9201],[-48.1797,-15.922],[-48.1804,-15.923],[-48.1819,-15.9236],[-48.183,-15.9233],[-48.1837,-15.9229],[-48.1862,-15.9205],[-48.1878,-15.9197],[-48.1896,-15.9199],[-48.1994,-15.9237],[-48.2008,-15.9245],[-48.2032,-15.9261],[-48.207,-15.9285],[-48.2127,-15.932],[-48.2191,-15.9348],[-48.2195,-15.9343],[-48.2204,-15.934],[-48.2217,-15.9345],[-48.2218,-15.9356],[-48.2227,-15.936],[-48.2233,-15.9355],[-48.2236,-15.9346],[-48.2263,-15.934],[-48.2264,-15.9329],[-48.2277,-15.9321],[-48.2283,-15.9314],[-48.2291,-15.9324],[-48.2299,-15.9318],[-48.2305,-15.9334],[-48.2328,-15.9339],[-48.2336,-15.9351],[-48.234,-15.9353],[-48.2348,-15.9344],[-48.2343,-15.9337],[-48.2371,-15.931],[-48.238,-15.9296],[-48.2387,-15.9292],[-48.24,-15.9294],[-48.2404,-15.9304],[-48.2409,-15.9309],[-48.2427,-15.9319],[-48.2436,-15.932],[-48.2459,-15.932],[-48.2466,-15.9333],[-48.2483,-15.9339],[-48.2505,-15.9337],[-48.2525,-15.9355],[-48.2524,-15.9358],[-48.2514,-15.9375],[-48.2514,-15.9379],[-48.2527,-15.9402],[-48.2522,-15.9412],[-48.2527,-15.9425],[-48.2529,-15.9442],[-48.252,-15.9449],[-48.2514,-15.9438],[-48.2508,-15.9439],[-48.2506,-15.9459],[-48.2502,-15.9476],[-48.2505,-15.9481],[-48.2517,-15.9478],[-48.253,-15.9465],[-48.2534,-15.9472],[-48.2534,-15.9485],[-48.2525,-15.9484],[-48.2521,-15.9488],[-48.2521,-15.9511],[-48.2518,-15.9533],[-48.2514,-15.9539],[-48.2513,-15.9554],[-48.2519,-15.9559],[-48.2533,-15.9559],[-48.2538,-15.9567],[-48.2547,-15.9573],[-48.2544,-15.9582],[-48.2546,-15.959],[-48.256,-15.9595],[-48.2563,-15.9601],[-48.2553,-15.9605],[-48.2551,-15.9618],[-48.2557,-15.9619],[-48.2575,-15.9613],[-48.2575,-15.9621],[-48.2563,-15.9625],[-48.2561,-15.9633],[-48.2575,-15.9637],[-48.2577,-15.9649],[-48.2592,-15.9662],[-48.2602,-15.9668],[-48.2606,-15.9687],[-48.2597,-15.9697],[-48.258,-15.973],[-48.2584,-15.9735],[-48.2593,-15.9734],[-48.2597,-15.9743],[-48.2592,-15.9752],[-48.259,-15.9765],[-48.2585,-15.9772],[-48.258,-15.9777],[-48.2565,-15.9771],[-48.2553,-15.9773],[-48.2535,-15.977],[-48.2533,-15.9759],[-48.2521,-15.9761],[-48.2515,-15.9757],[-48.2493,-15.9755],[-48.2473,-15.9756],[-48.2471,-15.9747],[-48.2461,-15.9737],[-48.2456,-15.9723],[-48.2447,-15.9727],[-48.2445,-15.9733],[-48.2436,-15.9728],[-48.2415,-15.9721],[-48.24,-15.9719],[-48.2384,-15.9718],[-48.2383,-15.9725],[-48.237,-15.9724],[-48.2358,-15.9719],[-48.2352,-15.9722],[-48.2346,-15.9718],[-48.2332,-15.9718],[-48.2325,-15.972],[-48.2303,-15.971],[-48.2295,-15.9705],[-48.2285,-15.9712],[-48.2261,-15.9709],[-48.2252,-15.9713],[-48.2246,-15.9707],[-48.2245,-15.9699],[-48.2237,-15.9698],[-48.2231,-15.9707],[-48.2212,-15.9705],[-48.2206,-15.9694],[-48.2198,-15.9696],[-48.2191,-15.969],[-48.2187,-15.9695],[-48.2172,-15.9685],[-48.217,-15.968],[-48.2158,-15.9674],[-48.2146,-15.9672],[-48.2141,-15.9661],[-48.2129,-15.9659],[-48.2123,-15.9662],[-48.2111,-15.9651],[-48.2094,-15.9649],[-48.2091,-15.9652],[-48.2069,-15.9647],[-48.2061,-15.9642],[-48.2047,-15.9642],[-48.2032,-15.9633],[-48.2023,-15.9633],[-48.2012,-15.9629],[-48.2007,-15.9623],[-48.2,-15.9626],[-48.1998,-15.9635],[-48.1986,-15.964],[-48.1971,-15.9634],[-48.1957,-15.9627],[-48.1932,-15.9639],[-48.1926,-15.9629],[-48.1924,-15.9615],[-48.1919,-15.9614],[-48.1918,-15.9604],[-48.191,-15.96],[-48.1904,-15.959],[-48.1898,-15.9586],[-48.1885,-15.9569],[-48.1884,-15.9561],[-48.1869,-15.9534],[-48.187,-15.9526],[-48.1866,-15.9496],[-48.1869,-15.9487],[-48.1873,-15.9467],[-48.1871,-15.9457],[-48.1857,-15.9455],[-48.1817,-15.9459],[-48.1791,-15.9467],[-48.1762,-15.9463],[-48.1751,-15.9467],[-48.173,-15.9471],[-48.1728,-15.9463],[-48.1664,-15.9468],[-48.1634,-15.9469],[-48.1627,-15.9452],[-48.1611,-15.9427],[-48.1602,-15.9403],[-48.1588,-15.9387],[-48.1568,-15.9371],[-48.1556,-15.937],[-48.1542,-15.9346],[-48.1531,-15.9344],[-48.1536,-15.9439],[-48.1534,-15.9471],[-48.1516,-15.9464],[-48.1508,-15.9456],[-48.1484,-15.9445],[-48.147,-15.9434],[-48.1442,-15.943],[-48.1438,-15.9432],[-48.1419,-15.9432],[-48.1408,-15.9437],[-48.1395,-15.944],[-48.1379,-15.9447],[-48.1358,-15.9452],[-48.1341,-15.9452],[-48.1334,-15.9449],[-48.1311,-15.943],[-48.1293,-15.9425],[-48.1275,-15.9428],[-48.127,-15.9423],[-48.1266,-15.9435],[-48.127,-15.944],[-48.1264,-15.947],[-48.1258,-15.9474],[-48.1239,-15.9496],[-48.1239,-15.9502],[-48.1223,-15.953],[-48.1225,-15.9542],[-48.1221,-15.9557],[-48.1212,-15.9554],[-48.1211,-15.9547],[-48.1203,-15.9548],[-48.1201,-15.9537],[-48.1188,-15.9537],[-48.1176,-15.9528],[-48.115,-15.9519],[-48.114,-15.9511],[-48.1127,-15.9516],[-48.1115,-15.9508],[-48.1107,-15.9497],[-48.1091,-15.9486],[-48.1082,-15.9471],[-48.1073,-15.9467],[-48.1064,-15.9446],[-48.1055,-15.9444],[-48.1053,-15.9433],[-48.1047,-15.9426],[-48.1039,-15.942],[-48.1033,-15.9409],[-48.1035,-15.9404],[-48.1021,-15.9371],[-48.1007,-15.9365],[-48.0999,-15.9356],[-48.0989,-15.9352],[-48.0986,-15.9347],[-48.0972,-15.9337],[-48.0944,-15.9322],[-48.0921,-15.9335],[-48.0914,-15.9345],[-48.0912,-15.935],[-48.0877,-15.9379],[-48.0833,-15.9413],[-48.0827,-15.9417],[-48.0806,-15.9395],[-48.0797,-15.939],[-48.0784,-15.9387],[-48.0773,-15.9389],[-48.0753,-15.9397],[-48.0735,-15.9409],[-48.0622,-15.948],[-48.0615,-15.9481],[-48.0555,-15.9518],[-48.0537,-15.9527],[-48.0524,-15.9531],[-48.0509,-15.9533],[-48.048,-15.9531],[-48.0452,-15.9522],[-48.0439,-15.9516],[-48.0422,-15.9506],[-48.0407,-15.9492],[-48.0395,-15.9476],[-48.0382,-15.9454]]]},"properties":{"ra":"Recanto das Emas","ra_num":15}},
{"type":"Feature","geometry":{"type":"Polygon","coordinates":[[[-47.7859,-15.8022],[-47.7873,-15.8018],[-47.7883,-15.8007],[-47.7886,-15.7999],[-47.7894,-15.8],[-47.7893,-15.7985],[-47.7896,-15.7981],[-47.7892,-15.7972],[-47.7892,-15.796],[-47.7897,-15.7957],[-47.7914,-15.7957],[-47.7919,-15.7955],[-47.7938,-15.7963],[-47.7947,-15.7959],[-47.7953,-15.7969],[-47.7958,-15.796],[-47.7978,-15.796],[-47.7982,-15.7972],[-47.7987,-15.797],[-47.7986,-15.7952],[-47.7996,-15.7947],[-47.8013,-15.7949],[-47.8017,-15.794],[-47.8034,-15.7945],[-47.8025,-15.793],[-47.8035,-15.7928],[-47.804,-15.7924],[-47.8055,-15.7928],[-47.808,-15.7929],[-47.8092,-15.7932],[-47.8104,-15.7945],[-47.8097,-15.7954],[-47.8122,-15.7974],[-47.8135,-15.7998],[-47.8143,-15.8016],[-47.8153,-15.8029],[-47.8152,-15.8039],[-47.8147,-15.8047],[-47.8134,-15.8059],[-47.8139,-15.8065],[-47.817,-15.8057],[-47.8174,-15.808],[-47.8189,-15.809],[-47.8182,-15.8102],[-47.8186,-15.8127],[-47.8186,-15.8134],[-47.8191,-15.8151],[-47.8194,-15.8172],[-47.819,-15.8181],[-47.8178,-15.8192],[-47.8166,-15.8207],[-47.8174,-15.821],[-47.8189,-15.8211],[-47.8216,-15.8222],[-47.8222,-15.823],[-47.8231,-15.8245],[-47.8231,-15.8253],[-47.8238,-15.8254],[-47.8251,-15.826],[-47.8254,-15.8264],[-47.8271,-15.8278],[-47.8275,-15.8286],[-47.8274,-15.8294],[-47.8268,-15.8308],[-47.8255,-15.8321],[-47.8251,-15.8328],[-47.8283,-15.8324],[-47.8291,-15.8318],[-47.8302,-15.8315],[-47.8315,-15.8308],[-47.8326,-15.8308],[-47.8354,-15.8315],[-47.8371,-15.8325],[-47.8385,-15.8339],[-47.8398,-15.836],[-47.8409,-15.8387],[-47.8414,-15.8392],[-47.8427,-15.8393],[-47.8436,-15.839],[-47.8467,-15.8397],[-47.8485,-15.8402],[-47.8516,-15.8392],[-47.8528,-15.8394],[-47.8542,-15.8402],[-47.8568,-15.8425],[-47.858,-15.8441],[-47.8596,-15.8452],[-47.8608,-15.8456],[-47.8633,-15.8487],[-47.8638,-15.8499],[-47.8631,-15.8501],[-47.8619,-15.8508],[-47.8603,-15.8508],[-47.8584,-15.8515],[-47.8588,-15.8532],[-47.8601,-15.853],[-47.8609,-15.8524],[-47.8636,-15.852],[-47.8652,-15.8526],[-47.8668,-15.8523],[-47.8675,-15.8526],[-47.8674,-15.8532],[-47.8697,-15.854],[-47.8688,-15.8547],[-47.8688,-15.8559],[-47.8695,-15.8567],[-47.87,-15.8566],[-47.8706,-15.8582],[-47.872,-15.859],[-47.8741,-15.8583],[-47.8743,-15.8577],[-47.8734,-15.857],[-47.873,-15.8562],[-47.8709,-15.8548],[-47.8704,-15.8537],[-47.8691,-15.8529],[-47.8686,-15.8512],[-47.8681,-15.8505],[-47.8685,-15.8493],[-47.8698,-15.8484],[-47.8698,-15.8478],[-47.869,-15.8471],[-47.8686,-15.8453],[-47.8677,-15.8438],[-47.8667,-15.8415],[-47.8648,-15.8396],[-47.8634,-15.8377],[-47.8616,-15.8357],[-47.8609,-15.8347],[-47.8593,-15.8332],[-47.8584,-15.832],[-47.8575,-15.8315],[-47.8571,-15.8309],[-47.8549,-15.8295],[-47.8549,-15.8279],[-47.8557,-15.8273],[-47.8581,-15.827],[-47.86,-15.8274],[-47.8617,-15.828],[-47.8635,-15.8283],[-47.8646,-15.8283],[-47.8661,-15.8279],[-47.8681,-15.8286],[-47.8694,-15.8296],[-47.8704,-15.83],[-47.8713,-15.8297],[-47.872,-15.8279],[-47.8716,-15.8271],[-47.8708,-15.8266],[-47.8712,-15.8256],[-47.8719,-15.8245],[-47.8724,-15.8242],[-47.8748,-15.8248],[-47.876,-15.8246],[-47.8771,-15.8247],[-47.8777,-15.8254],[-47.8791,-15.8258],[-47.8798,-15.8275],[-47.8804,-15.8282],[-47.8819,-15.829],[-47.8832,-15.8286],[-47.8834,-15.83],[-47.8839,-15.831],[-47.8843,-15.8337],[-47.8847,-15.8352],[-47.8861,-15.837],[-47.8871,-15.8378],[-47.8897,-15.8393],[-47.8906,-15.8401],[-47.8923,-15.841],[-47.8937,-15.8411],[-47.8979,-15.8407],[-47.8987,-15.8418],[-47.9024,-15.8438],[-47.9035,-15.8444],[-47.9043,-15.8441],[-47.9057,-15.8452],[-47.9073,-15.8459],[-47.9091,-15.8461],[-47.9117,-15.8469],[-47.9145,-15.8484],[-47.9161,-15.8497],[-47.9177,-15.8506],[-47.9199,-15.8516],[-47.9209,-15.8514],[-47.9227,-15.8516],[-47.9234,-15.8514],[-47.9249,-15.8517],[-47.9252,-15.8509],[-47.9268,-15.8509],[-47.9273,-15.8512],[-47.9294,-15.8514],[-47.9306,-15.8512],[-47.9323,-15.8513],[-47.935,-15.8611],[-47.9365,-15.8667],[-47.9366,-15.868],[-47.9362,-15.8692],[-47.9366,-15.8701],[-47.9481,-15.8756],[-47.9561,-15.8801],[-47.9563,-15.8813],[-47.9519,-15.8845],[-47.9466,-15.8942],[-47.9461,-15.8951],[-47.941,-15.8962],[-47.94,-15.8955],[-47.9387,-15.895],[-47.9382,-15.8942],[-47.9366,-15.8935],[-47.9355,-15.8932],[-47.9344,-15.8922],[-47.9322,-15.8907],[-47.9314,-15.8905],[-47.9278,-15.8877],[-47.927,-15.8869],[-47.9255,-15.8864],[-47.9238,-15.8849],[-47.9206,-15.8841],[-47.9194,-15.8834],[-47.9179,-15.8835],[-47.9162,-15.8834],[-47.9151,-15.883],[-47.9137,-15.8829],[-47.9119,-15.8824],[-47.911,-15.8825],[-47.9098,-15.8822],[-47.9095,-15.8817],[-47.9083,-15.8813],[-47.9061,-15.8813],[-47.906,-15.8827],[-47.9057,-15.8833],[-47.9058,-15.8847],[-47.9065,-15.8853],[-47.9063,-15.886],[-47.9061,-15.8894],[-47.9055,-15.8909],[-47.9066,-15.8918],[-47.9066,-15.8928],[-47.9074,-15.894],[-47.9074,-15.8947],[-47.908,-15.8955],[-47.9088,-15.896],[-47.9084,-15.8969],[-47.9089,-15.8977],[-47.9101,-15.8989],[-47.9108,-15.901],[-47.911,-15.9038],[-47.9114,-15.9053],[-47.9123,-15.9074],[-47.9133,-15.9084],[-47.9119,-15.9097],[-47.9111,-15.9095],[-47.9092,-15.9099],[-47.9091,-15.9107],[-47.9084,-15.912],[-47.9078,-15.9125],[-47.9074,-15.9126],[-47.9058,-15.9118],[-47.9043,-15.9121],[-47.9035,-15.912],[-47.903,-15.9114],[-47.9024,-15.9118],[-47.9018,-15.9113],[-47.9009,-15.9118],[-47.8985,-15.9121],[-47.8961,-15.9113],[-47.8946,-15.9117],[-47.8936,-15.9117],[-47.8905,-15.9114],[-47.8898,-15.9111],[-47.8885,-15.9113],[-47.887,-15.9121],[-47.8861,-15.9129],[-47.8836,-15.9137],[-47.8826,-15.9133],[-47.8937,-15.9007],[-47.8801,-15.8849],[-47.8702,-15.8802],[-47.8561,-15.8732],[-47.857,-15.8712],[-47.8512,-15.8687],[-47.8531,-15.8645],[-47.8539,-15.8641],[-47.8552,-15.8605],[-47.8563,-15.8588],[-47.8556,-15.8585],[-47.8536,-15.8566],[-47.8506,-15.8572],[-47.8429,-15.8616],[-47.8451,-15.8628],[-47.843,-15.8662],[-47.8307,-15.8593],[-47.8209,-15.8639],[-47.8205,-15.864],[-47.8198,-15.8629],[-47.8165,-15.8521],[-47.8156,-15.8501],[-47.8139,-15.8475],[-47.8124,-15.8458],[-47.7979,-15.827],[-47.796,-15.8245],[-47.7948,-15.8223],[-47.7937,-15.8201],[-47.7929,-15.8181],[-47.7884,-15.8096],[-47.7866,-15.8056],[-47.7859,-15.8022]]]},"properties":{"ra":"Lago Sul","ra_num":16}},
{"type":"Feature","geometry":{"type":"Polygon","coordinates":[[[-47.3708,-15.8459],[-47.3696,-15.845],[-47.3683,-15.8429],[-47.3685,-15.8418],[-47.3695,-15.8411],[-47.3681,-15.8402],[-47.3676,-15.8384],[-47.367,-15.8387],[-47.3669,-15.8373],[-47.3678,-15.8375],[-47.3679,-15.8355],[-47.3668,-15.836],[-47.3664,-15.8374],[-47.3659,-15.8372],[-47.3654,-15.8352],[-47.3662,-15.8352],[-47.3662,-15.8345],[-47.3649,-15.8341],[-47.3656,-15.8335],[-47.3661,-15.8319],[-47.3659,-15.8303],[-47.3667,-15.8301],[-47.3667,-15.8295],[-47.3674,-15.8288],[-47.3669,-15.8278],[-47.3661,-15.8273],[-47.3649,-15.8279],[-47.3634,-15.8278],[-47.3621,-15.827],[-47.363,-15.8252],[-47.3628,-15.8247],[-47.361,-15.8242],[-47.3603,-15.8235],[-47.3609,-15.8224],[-47.3607,-15.8214],[-47.3599,-15.8215],[-47.359,-15.8226],[-47.3593,-15.8236],[-47.358,-15.8241],[-47.3571,-15.8238],[-47.3573,-15.8229],[-47.3579,-15.823],[-47.3583,-15.8222],[-47.3572,-15.8222],[-47.3559,-15.8236],[-47.3554,-15.8235],[-47.3546,-15.8218],[-47.3551,-15.8204],[-47.3561,-15.8187],[-47.3552,-15.817],[-47.3534,-15.8184],[-47.353,-15.8181],[-47.3531,-15.8169],[-47.3552,-15.8162],[-47.3546,-15.8155],[-47.3545,-15.8141],[-47.3532,-15.815],[-47.3528,-15.8145],[-47.353,-15.8138],[-47.3525,-15.8124],[-47.3517,-15.8112],[-47.351,-15.8114],[-47.35,-15.8098],[-47.3503,-15.8078],[-47.3484,-15.8081],[-47.3485,-15.8069],[-47.3492,-15.8061],[-47.3496,-15.8052],[-47.3496,-15.804],[-47.3487,-15.8034],[-47.3477,-15.8036],[-47.3458,-15.8032],[-47.3455,-15.8025],[-47.3461,-15.802],[-47.3459,-15.8009],[-47.345,-15.8008],[-47.3446,-15.8001],[-47.3453,-15.799],[-47.346,-15.7986],[-47.346,-15.798],[-47.3447,-15.7974],[-47.3437,-15.7962],[-47.3433,-15.797],[-47.3419,-15.7973],[-47.3426,-15.7962],[-47.3418,-15.7951],[-47.341,-15.7955],[-47.3408,-15.7944],[-47.34,-15.7944],[-47.3392,-15.7931],[-47.3398,-15.7924],[-47.3388,-15.7914],[-47.3397,-15.7903],[-47.3391,-15.7899],[-47.3391,-15.7884],[-47.3374,-15.7868],[-47.3377,-15.7851],[-47.337,-15.7854],[-47.3365,-15.7847],[-47.3358,-15.7855],[-47.3353,-15.7853],[-47.3365,-15.7833],[-47.3367,-15.7827],[-47.3363,-15.7815],[-47.3351,-15.7821],[-47.3344,-15.7813],[-47.3335,-15.7811],[-47.3329,-15.7815],[-47.3326,-15.7801],[-47.3316,-15.7794],[-47.3308,-15.78],[-47.3313,-15.7782],[-47.3308,-15.7766],[-47.3311,-15.7755],[-47.3304,-15.7749],[-47.3313,-15.7744],[-47.3314,-15.7737],[-47.3293,-15.7741],[-47.3286,-15.7732],[-47.3283,-15.7713],[-47.3289,-15.7703],[-47.3284,-15.7696],[-47.3298,-15.7693],[-47.3293,-15.768],[-47.3294,-15.7671],[-47.3287,-15.7665],[-47.3285,-15.7657],[-47.3272,-15.7656],[-47.3267,-15.7653],[-47.327,-15.7645],[-47.3261,-15.7623],[-47.3247,-15.7619],[-47.324,-15.7608],[-47.3246,-15.7599],[-47.3241,-15.7596],[-47.3237,-15.758],[-47.322,-15.758],[-47.3214,-15.7574],[-47.321,-15.7564],[-47.3212,-15.7557],[-47.3221,-15.7556],[-47.3219,-15.7547],[-47.3205,-15.7554],[-47.3194,-15.7546],[-47.32,-15.7539],[-47.3198,-15.7528],[-47.318,-15.7503],[-47.3188,-15.7502],[-47.3185,-15.7495],[-47.3171,-15.7483],[-47.3174,-15.7475],[-47.3165,-15.746],[-47.3161,-15.7465],[-47.3162,-15.7476],[-47.3148,-15.7481],[-47.315,-15.7473],[-47.3142,-15.7463],[-47.3144,-15.7452],[-47.3142,-15.7444],[-47.3145,-15.743],[-47.3135,-15.7427],[-47.3132,-15.7419],[-47.3141,-15.7417],[-47.3137,-15.7403],[-47.3145,-15.7393],[-47.3136,-15.7382],[-47.3145,-15.7373],[-47.3154,-15.7372],[-47.3155,-15.7363],[-47.3173,-15.7365],[-47.3167,-15.7358],[-47.318,-15.7341],[-47.3187,-15.7349],[-47.3192,-15.7337],[-47.3193,-15.7324],[-47.3185,-15.7329],[-47.3181,-15.7327],[-47.3185,-15.7318],[-47.3179,-15.7314],[-47.317,-15.7315],[-47.3176,-15.7304],[-47.3174,-15.7296],[-47.3178,-15.7287],[-47.3188,-15.7283],[-47.318,-15.7276],[-47.3187,-15.7262],[-47.3181,-15.725],[-47.3189,-15.7237],[-47.3197,-15.7232],[-47.3208,-15.723],[-47.321,-15.7213],[-47.3203,-15.7203],[-47.3208,-15.7186],[-47.3199,-15.7185],[-47.3198,-15.7179],[-47.3187,-15.7171],[-47.3177,-15.717],[-47.3169,-15.7161],[-47.316,-15.7163],[-47.3152,-15.7154],[-47.3154,-15.7134],[-47.315,-15.7128],[-47.3151,-15.7118],[-47.3139,-15.7112],[-47.314,-15.7104],[-47.3151,-15.7105],[-47.3154,-15.7097],[-47.314,-15.7089],[-47.3137,-15.7079],[-47.3142,-15.7068],[-47.3134,-15.706],[-47.3143,-15.7047],[-47.314,-15.7029],[-47.3144,-15.7026],[-47.3138,-15.7005],[-47.3134,-15.6997],[-47.3137,-15.6982],[-47.3128,-15.698],[-47.3125,-15.6972],[-47.3139,-15.6959],[-47.3134,-15.6954],[-47.3137,-15.6948],[-47.315,-15.6946],[-47.3155,-15.6952],[-47.3165,-15.6935],[-47.3175,-15.6933],[-47.3179,-15.6925],[-47.3178,-15.6904],[-47.3184,-15.6903],[-47.3184,-15.6893],[-47.3198,-15.6889],[-47.3195,-15.6882],[-47.3211,-15.6875],[-47.3218,-15.6891],[-47.3224,-15.6887],[-47.323,-15.6894],[-47.3242,-15.6887],[-47.3256,-15.6884],[-47.3258,-15.689],[-47.3298,-15.6879],[-47.3278,-15.6874],[-47.3277,-15.6867],[-47.3283,-15.6861],[-47.3283,-15.6852],[-47.3279,-15.6844],[-47.3282,-15.6833],[-47.3291,-15.6835],[-47.3287,-15.6842],[-47.3293,-15.6847],[-47.33,-15.6838],[-47.3317,-15.683],[-47.3315,-15.6825],[-47.332,-15.6813],[-47.3318,-15.6803],[-47.3308,-15.6797],[-47.3291,-15.68],[-47.3291,-15.6791],[-47.3286,-15.6786],[-47.3291,-15.6772],[-47.3285,-15.6771],[-47.3282,-15.6757],[-47.3272,-15.6754],[-47.3274,-15.6736],[-47.3278,-15.6727],[-47.3268,-15.6719],[-47.3278,-15.6711],[-47.3261,-15.6693],[-47.3272,-15.6677],[-47.3287,-15.6669],[-47.3284,-15.6662],[-47.3276,-15.6656],[-47.3269,-15.666],[-47.3265,-15.6656],[-47.327,-15.6649],[-47.3279,-15.6653],[-47.3281,-15.6643],[-47.3286,-15.6635],[-47.3271,-15.6635],[-47.3268,-15.6614],[-47.3281,-15.6605],[-47.3279,-15.6589],[-47.3289,-15.6578],[-47.3293,-15.6563],[-47.3288,-15.6558],[-47.3285,-15.6547],[-47.3275,-15.6547],[-47.3273,-15.6537],[-47.3266,-15.6528],[-47.327,-15.6519],[-47.3279,-15.6521],[-47.328,-15.6514],[-47.3288,-15.6515],[-47.3292,-15.6506],[-47.3285,-15.6502],[-47.3281,-15.6492],[-47.327,-15.6493],[-47.3275,-15.6481],[-47.3272,-15.6472],[-47.3282,-15.6464],[-47.3289,-15.6463],[-47.329,-15.6456],[-47.3305,-15.6454],[-47.3302,-15.6446],[-47.3296,-15.6445],[-47.3292,-15.6431],[-47.3297,-15.6418],[-47.3305,-15.6415],[-47.3297,-15.6407],[-47.3295,-15.6398],[-47.33,-15.6391],[-47.3307,-15.6389],[-47.3308,-15.6372],[-47.3316,-15.6368],[-47.3308,-15.6359],[-47.3318,-15.6351],[-47.3326,-15.633],[-47.3333,-15.6322],[-47.3329,-15.6319],[-47.3339,-15.6296],[-47.3331,-15.6297],[-47.3329,-15.6287],[-47.3321,-15.6286],[-47.3322,-15.6269],[-47.331,-15.6262],[-47.3307,-15.6244],[-47.3301,-15.6236],[-47.3301,-15.623],[-47.3311,-15.6225],[-47.3306,-15.6218],[-47.3306,-15.6203],[-47.3301,-15.6195],[-47.3299,-15.6185],[-47.3287,-15.6183],[-47.3284,-15.6175],[-47.3292,-15.6168],[-47.3292,-15.6159],[-47.3281,-15.6147],[-47.3283,-15.6132],[-47.3276,-15.6129],[-47.3263,-15.6104],[-47.3256,-15.6104],[-47.3248,-15.608],[-47.3252,-15.6076],[-47.3249,-15.6066],[-47.3242,-15.6066],[-47.3236,-15.6055],[-47.3235,-15.6044],[-47.323,-15.6038],[-47.3232,-15.6029],[-47.323,-15.6009],[-47.3231,-15.5998],[-47.3227,-15.5988],[-47.322,-15.5987],[-47.3216,-15.598],[-47.3205,-15.5982],[-47.3201,-15.5975],[-47.3179,-15.597],[-47.3159,-15.597],[-47.3158,-15.5957],[-47.3161,-15.5943],[-47.3173,-15.5936],[-47.3175,-15.5922],[-47.3171,-15.591],[-47.3172,-15.5902],[-47.3186,-15.5886],[-47.3186,-15.5871],[-47.3193,-15.5867],[-47.3205,-15.5869],[-47.3207,-15.5864],[-47.3216,-15.5869],[-47.3219,-15.5862],[-47.3242,-15.5873],[-47.3245,-15.588],[-47.3244,-15.589],[-47.3253,-15.5891],[-47.3257,-15.5886],[-47.3265,-15.5891],[-47.3279,-15.5889],[-47.3285,-15.5885],[-47.329,-15.5873],[-47.3299,-15.5861],[-47.3307,-15.5862],[-47.3317,-15.5872],[-47.3334,-15.587],[-47.3342,-15.5875],[-47.3352,-15.5873],[-47.3353,-15.5868],[-47.3365,-15.5857],[-47.3378,-15.5853],[-47.3396,-15.5838],[-47.3406,-15.5837],[-47.3413,-15.5831],[-47.3415,-15.5824],[-47.3423,-15.5824],[-47.3436,-15.5813],[-47.3446,-15.5811],[-47.345,-15.5807],[-47.347,-15.579],[-47.3477,-15.5795],[-47.3489,-15.5792],[-47.35,-15.5802],[-47.3515,-15.5806],[-47.3536,-15.5805],[-47.3547,-15.5799],[-47.3561,-15.5796],[-47.3569,-15.58],[-47.3575,-15.5807],[-47.3583,-15.5801],[-47.359,-15.58],[-47.3598,-15.5793],[-47.3614,-15.5801],[-47.3616,-15.5784],[-47.3624,-15.578],[-47.3643,-15.5777],[-47.3653,-15.5782],[-47.3662,-15.5782],[-47.3665,-15.5786],[-47.368,-15.5788],[-47.3684,-15.5791],[-47.3703,-15.5783],[-47.3711,-15.5777],[-47.3722,-15.5776],[-47.3725,-15.5771],[-47.3736,-15.5773],[-47.3745,-15.5767],[-47.375,-15.5772],[-47.3759,-15.5766],[-47.3768,-15.5766],[-47.3774,-15.5757],[-47.3782,-15.5753],[-47.3785,-15.5743],[-47.3793,-15.5735],[-47.3791,-15.5726],[-47.3795,-15.5718],[-47.3797,-15.5698],[-47.3795,-15.5692],[-47.3803,-15.5688],[-47.3806,-15.5683],[-47.3802,-15.5673],[-47.3808,-15.5666],[-47.3837,-15.5668],[-47.3843,-15.5674],[-47.3859,-15.5669],[-47.3869,-15.567],[-47.3884,-15.5675],[-47.3894,-15.5675],[-47.3902,-15.5666],[-47.3903,-15.5651],[-47.391,-15.5647],[-47.391,-15.5639],[-47.3914,-15.5625],[-47.3932,-15.5622],[-47.3938,-15.5609],[-47.394,-15.5598],[-47.3937,-15.5583],[-47.3953,-15.5579],[-47.3958,-15.5585],[-47.397,-15.5576],[-47.3982,-15.5576],[-47.3992,-15.5573],[-47.3995,-15.556],[-47.3989,-15.5543],[-47.3991,-15.5535],[-47.3987,-15.5528],[-47.3988,-15.5515],[-47.3992,-15.5509],[-47.4005,-15.5515],[-47.401,-15.5514],[-47.4013,-15.5504],[-47.4021,-15.5504],[-47.4029,-15.5495],[-47.4023,-15.5479],[-47.4038,-15.5471],[-47.4057,-15.5467],[-47.4075,-15.5473],[-47.4082,-15.5479],[-47.4097,-15.5479],[-47.4109,-15.5471],[-47.4123,-15.5472],[-47.4141,-15.5482],[-47.4161,-15.5463],[-47.4172,-15.5462],[-47.4176,-15.5455],[-47.4184,-15.5451],[-47.4184,-15.5018],[-47.7721,-15.5024],[-47.771,-15.5034],[-47.7711,-15.5046],[-47.7706,-15.5061],[-47.7702,-15.5087],[-47.7711,-15.5091],[-47.7712,-15.5106],[-47.7722,-15.5108],[-47.7725,-15.5121],[-47.7717,-15.5131],[-47.7712,-15.5143],[-47.7726,-15.5145],[-47.7719,-15.5161],[-47.7705,-15.5159],[-47.7707,-15.5166],[-47.7699,-15.5172],[-47.7684,-15.5173],[-47.7682,-15.518],[-47.7683,-15.5189],[-47.7675,-15.5192],[-47.7673,-15.5199],[-47.7678,-15.5209],[-47.7658,-15.5203],[-47.7652,-15.5207],[-47.7647,-15.5197],[-47.764,-15.5203],[-47.7629,-15.5198],[-47.7617,-15.5205],[-47.7616,-15.5228],[-47.762,-15.5242],[-47.7626,-15.5248],[-47.7635,-15.5242],[-47.7641,-15.5251],[-47.7638,-15.5273],[-47.7635,-15.5283],[-47.7627,-15.5286],[-47.7617,-15.5282],[-47.7619,-15.5273],[-47.7608,-15.5276],[-47.7599,-15.5281],[-47.7593,-15.5302],[-47.7585,-15.5308],[-47.7579,-15.5303],[-47.7573,-15.5293],[-47.7574,-15.5286],[-47.7565,-15.5283],[-47.7559,-15.5292],[-47.7543,-15.5293],[-47.7537,-15.5296],[-47.7537,-15.5303],[-47.7544,-15.5311],[-47.7542,-15.5321],[-47.7535,-15.5323],[-47.7532,-15.533],[-47.752,-15.534],[-47.752,-15.5347],[-47.7512,-15.535],[-47.7515,-15.5356],[-47.7515,-15.5374],[-47.7507,-15.5379],[-47.7501,-15.5387],[-47.7503,-15.5396],[-47.7513,-15.5397],[-47.7522,-15.541],[-47.7517,-15.5413],[-47.752,-15.5428],[-47.7531,-15.5423],[-47.7536,-15.5431],[-47.7537,-15.544],[-47.7548,-15.5438],[-47.7556,-15.5447],[-47.7559,-15.5459],[-47.7563,-15.5463],[-47.7566,-15.5487],[-47.7548,-15.5503],[-47.7549,-15.5513],[-47.7555,-15.5517],[-47.7552,-15.5526],[-47.7561,-15.5539],[-47.7569,-15.5545],[-47.7586,-15.5553],[-47.7591,-15.5558],[-47.7594,-15.5568],[-47.7609,-15.5575],[-47.7616,-15.5584],[-47.7636,-15.5593],[-47.764,-15.5582],[-47.7644,-15.5581],[-47.7659,-15.5586],[-47.7664,-15.5592],[-47.7665,-15.5601],[-47.7671,-15.5607],[-47.7673,-15.5618],[-47.7664,-15.5637],[-47.7667,-15.5646],[-47.7658,-15.5651],[-47.7648,-15.5649],[-47.7642,-15.5651],[-47.7637,-15.5665],[-47.7626,-15.5673],[-47.7623,-15.5678],[-47.7626,-15.5701],[-47.7632,-15.5714],[-47.7623,-15.5723],[-47.7616,-15.5721],[-47.7611,-15.5729],[-47.7601,-15.573],[-47.7607,-15.5747],[-47.7602,-15.5781],[-47.7607,-15.5793],[-47.7614,-15.5796],[-47.7628,-15.5796],[-47.7648,-15.5806],[-47.7656,-15.5822],[-47.7661,-15.5836],[-47.7658,-15.5855],[-47.7646,-15.5876],[-47.7654,-15.588],[-47.767,-15.588],[-47.7692,-15.5888],[-47.7689,-15.5896],[-47.7675,-15.5899],[-47.7646,-15.5898],[-47.7632,-15.5914],[-47.7656,-15.5924],[-47.7729,-15.594],[-47.7805,-15.5934],[-47.7812,-15.6008],[-47.7749,-15.607],[-47.7745,-15.6081],[-47.7727,-15.6095],[-47.7684,-15.6124],[-47.7628,-15.6157],[-47.7606,-15.6174],[-47.76,-15.6191],[-47.7595,-15.621],[-47.7595,-15.6224],[-47.7598,-15.6238],[-47.7598,-15.6248],[-47.7568,-15.6313],[-47.753,-15.6396],[-47.7523,-15.6403],[-47.7497,-15.6447],[-47.7407,-15.6597],[-47.7379,-15.6646],[-47.744,-15.671],[-47.7443,-15.6714],[-47.7402,-15.6747],[-47.7409,-15.6754],[-47.7423,-15.6753],[-47.7436,-15.6763],[-47.7443,-15.6762],[-47.7458,-15.6781],[-47.746,-15.6792],[-47.7466,-15.6805],[-47.7471,-15.6832],[-47.7464,-15.6852],[-47.7466,-15.6857],[-47.7459,-15.6864],[-47.7445,-15.687],[-47.742,-15.6889],[-47.7411,-15.6893],[-47.7402,-15.691],[-47.7395,-15.6917],[-47.737,-15.6934],[-47.7359,-15.6944],[-47.735,-15.6959],[-47.7344,-15.6961],[-47.7325,-15.6979],[-47.7315,-15.6979],[-47.7313,-15.6985],[-47.7294,-15.6986],[-47.7277,-15.6983],[-47.7249,-15.6976],[-47.7239,-15.6972],[-47.7217,-15.6969],[-47.7189,-15.6978],[-47.7171,-15.6973],[-47.7158,-15.6984],[-47.715,-15.6982],[-47.7133,-15.6992],[-47.7111,-15.6997],[-47.7095,-15.7003],[-47.7078,-15.7],[-47.7059,-15.7001],[-47.7049,-15.6999],[-47.7043,-15.7004],[-47.7033,-15.7002],[-47.7016,-15.6992],[-47.7003,-15.6993],[-47.6978,-15.6993],[-47.6963,-15.6997],[-47.6951,-15.7008],[-47.6927,-15.7013],[-47.6923,-15.702],[-47.6917,-15.7018],[-47.6909,-15.7022],[-47.6899,-15.7031],[-47.6883,-15.7034],[-47.6861,-15.7033],[-47.6842,-15.7038],[-47.6835,-15.7044],[-47.682,-15.7047],[-47.6818,-15.7051],[-47.6806,-15.7052],[-47.6801,-15.7058],[-47.6787,-15.7064],[-47.6785,-15.707],[-47.6777,-15.7074],[-47.6766,-15.7071],[-47.6758,-15.7077],[-47.6754,-15.7087],[-47.6741,-15.7089],[-47.6732,-15.7097],[-47.6731,-15.7109],[-47.6744,-15.7115],[-47.6751,-15.7127],[-47.6756,-15.713],[-47.6759,-15.7141],[-47.675,-15.7159],[-47.6741,-15.7164],[-47.6748,-15.7171],[-47.6757,-15.7174],[-47.6762,-15.7191],[-47.6755,-15.7197],[-47.6751,-15.7206],[-47.6766,-15.7216],[-47.6763,-15.7227],[-47.6754,-15.7221],[-47.6746,-15.7223],[-47.6746,-15.7231],[-47.6761,-15.7236],[-47.6762,-15.7248],[-47.6767,-15.7252],[-47.6766,-15.7263],[-47.6756,-15.7268],[-47.6753,-15.7278],[-47.6739,-15.7283],[-47.6737,-15.7294],[-47.6752,-15.7301],[-47.6753,-15.7307],[-47.6746,-15.7311],[-47.6759,-15.7323],[-47.6746,-15.7331],[-47.6758,-15.7342],[-47.6747,-15.7344],[-47.6735,-15.7339],[-47.6703,-15.7307],[-47.665,-15.7275],[-47.6634,-15.727],[-47.6618,-15.7271],[-47.6605,-15.7274],[-47.6607,-15.7285],[-47.6644,-15.7457],[-47.6645,-15.7478],[-47.6643,-15.749],[-47.6635,-15.751],[-47.6561,-15.7641],[-47.6425,-15.7882],[-47.6417,-15.7905],[-47.6389,-15.8004],[-47.6315,-15.8264],[-47.6236,-15.854],[-47.6211,-15.863],[-47.6078,-15.8595],[-47.6059,-15.859],[-47.6042,-15.8588],[-47.6029,-15.8589],[-47.5948,-15.8613],[-47.59,-15.8628],[-47.5676,-15.8694],[-47.5579,-15.8723],[-47.5554,-15.8723],[-47.5535,-15.8716],[-47.5497,-15.8695],[-47.5308,-15.8593],[-47.5204,-15.8538],[-47.5186,-15.8532],[-47.5165,-15.8532],[-47.5059,-15.8553],[-47.4908,-15.8583],[-47.4801,-15.8604],[-47.4721,-15.8621],[-47.4672,-15.8631],[-47.4655,-15.8631],[-47.4639,-15.8628],[-47.4626,-15.8623],[-47.4561,-15.8584],[-47.4546,-15.8579],[-47.4532,-15.8577],[-47.4518,-15.8578],[-47.4478,-15.8587],[-47.4365,-15.8613],[-47.4257,-15.8638],[-47.423,-15.8642],[-47.4217,-15.8639],[-47.3879,-15.857],[-47.3871,-15.8569],[-47.3861,-15.8497],[-47.3858,-15.8477],[-47.3853,-15.846],[-47.3835,-15.8466],[-47.3833,-15.8471],[-47.3823,-15.8466],[-47.3823,-15.8457],[-47.3809,-15.8458],[-47.3809,-15.8463],[-47.3801,-15.8471],[-47.3793,-15.8463],[-47.379,-15.8471],[-47.3784,-15.8471],[-47.3762,-15.8463],[-47.3754,-15.8454],[-47.3745,-15.8456],[-47.3734,-15.8446],[-47.3728,-15.845],[-47.3726,-15.8461],[-47.3708,-15.8459]]]},"properties":{"ra":"Planaltina","ra_num":6}},
{"type":"Feature","geometry":{"type":"Polygon","coordinates":[[[-47.3708,-15.8459],[-47.3726,-15.8461],[-47.3728,-15.845],[-47.3734,-15.8446],[-47.3745,-15.8456],[-47.3754,-15.8454],[-47.3762,-15.8463],[-47.3784,-15.8471],[-47.379,-15.8471],[-47.3793,-15.8463],[-47.3801,-15.8471],[-47.3809,-15.8463],[-47.3809,-15.8458],[-47.3823,-15.8457],[-47.3823,-15.8466],[-47.3833,-15.8471],[-47.3835,-15.8466],[-47.3853,-15.846],[-47.3858,-15.8477],[-47.3861,-15.8497],[-47.3871,-15.8569],[-47.3879,-15.857],[-47.4217,-15.8639],[-47.423,-15.8642],[-47.4257,-15.8638],[-47.4365,-15.8613],[-47.4478,-15.8587],[-47.4518,-15.8578],[-47.4532,-15.8577],[-47.4546,-15.8579],[-47.4561,-15.8584],[-47.4626,-15.8623],[-47.4639,-15.8628],[-47.4655,-15.8631],[-47.4672,-15.8631],[-47.4721,-15.8621],[-47.4801,-15.8604],[-47.4908,-15.8583],[-47.5059,-15.8553],[-47.5165,-15.8532],[-47.5186,-15.8532],[-47.5204,-15.8538],[-47.5308,-15.8593],[-47.5497,-15.8695],[-47.5535,-15.8716],[-47.5554,-15.8723],[-47.5579,-15.8723],[-47.5676,-15.8694],[-47.59,-15.8628],[-47.5948,-15.8613],[-47.6029,-15.8589],[-47.6042,-15.8588],[-47.6059,-15.859],[-47.6078,-15.8595],[-47.6211,-15.863],[-47.6236,-15.854],[-47.6315,-15.8264],[-47.6389,-15.8004],[-47.6417,-15.7905],[-47.6425,-15.7882],[-47.6561,-15.7641],[-47.6635,-15.751],[-47.6643,-15.749],[-47.6645,-15.7478],[-47.6644,-15.7457],[-47.6607,-15.7285],[-47.6605,-15.7274],[-47.6618,-15.7271],[-47.6634,-15.727],[-47.665,-15.7275],[-47.6703,-15.7307],[-47.6735,-15.7339],[-47.6747,-15.7344],[-47.6758,-15.7342],[-47.6772,-15.7341],[-47.6792,-15.7352],[-47.6804,-15.7357],[-47.6864,-15.7358],[-47.6884,-15.736],[-47.6907,-15.7367],[-47.7043,-15.7436],[-47.7076,-15.7459],[-47.7165,-15.7522],[-47.7294,-15.7613],[-47.7316,-15.7625],[-47.733,-15.7629],[-47.7353,-15.7631],[-47.7377,-15.7627],[-47.7399,-15.7618],[-47.7468,-15.7576],[-47.7529,-15.7538],[-47.7549,-15.7527],[-47.7562,-15.7523],[-47.7578,-15.752],[-47.7597,-15.752],[-47.7623,-15.7526],[-47.7745,-15.7571],[-47.7839,-15.7605],[-47.7866,-15.7613],[-47.7886,-15.7615],[-47.7898,-15.7615],[-47.8074,-15.7587],[-47.8098,-15.7575],[-47.8105,-15.7573],[-47.8119,-15.7574],[-47.8131,-15.7581],[-47.8117,-15.7601],[-47.809,-15.7629],[-47.8085,-15.7645],[-47.8091,-15.7655],[-47.8122,-15.7687],[-47.8127,-15.7695],[-47.8132,-15.7709],[-47.8132,-15.772],[-47.8127,-15.7735],[-47.8088,-15.7799],[-47.8079,-15.7811],[-47.8061,-15.7829],[-47.8055,-15.784],[-47.8049,-15.7862],[-47.8042,-15.787],[-47.8035,-15.7874],[-47.802,-15.7872],[-47.8007,-15.7864],[-47.7995,-15.7851],[-47.7979,-15.7827],[-47.7963,-15.7816],[-47.7952,-15.7812],[-47.7936,-15.781],[-47.7868,-15.782],[-47.7878,-15.7853],[-47.7889,-15.7885],[-47.7891,-15.7907],[-47.7884,-15.7894],[-47.7879,-15.7893],[-47.7872,-15.7909],[-47.7865,-15.7904],[-47.7858,-15.7909],[-47.7855,-15.7918],[-47.7854,-15.7936],[-47.7844,-15.7938],[-47.7847,-15.7946],[-47.7845,-15.7971],[-47.7839,-15.7979],[-47.7813,-15.7991],[-47.7781,-15.7992],[-47.7771,-15.7995],[-47.7763,-15.7993],[-47.7761,-15.7982],[-47.7765,-15.7978],[-47.7765,-15.7962],[-47.7758,-15.7958],[-47.7747,-15.7959],[-47.7739,-15.7966],[-47.7731,-15.7979],[-47.7719,-15.8015],[-47.7708,-15.8046],[-47.7706,-15.8057],[-47.7711,-15.8068],[-47.7727,-15.8083],[-47.7756,-15.8117],[-47.7774,-15.8136],[-47.7789,-15.8145],[-47.7819,-15.8157],[-47.7755,-15.8175],[-47.774,-15.8181],[-47.7674,-15.8198],[-47.7682,-15.8211],[-47.7689,-15.8212],[-47.7695,-15.8221],[-47.773,-15.8219],[-47.7729,-15.823],[-47.7733,-15.8239],[-47.7723,-15.8258],[-47.7717,-15.8265],[-47.7706,-15.8268],[-47.7712,-15.8281],[-47.7724,-15.8315],[-47.7723,-15.8326],[-47.7718,-15.8344],[-47.7711,-15.8351],[-47.7702,-15.8355],[-47.769,-15.8365],[-47.7664,-15.8378],[-47.7657,-15.8384],[-47.7643,-15.8386],[-47.7633,-15.8393],[-47.7626,-15.8395],[-47.7615,-15.8405],[-47.7601,-15.8407],[-47.7594,-15.8419],[-47.7583,-15.842],[-47.7571,-15.8432],[-47.7561,-15.8432],[-47.755,-15.8442],[-47.7547,-15.845],[-47.754,-15.8452],[-47.7536,-15.846],[-47.7522,-15.8469],[-47.7522,-15.8478],[-47.7507,-15.8485],[-47.7498,-15.8495],[-47.7494,-15.8504],[-47.7485,-15.8509],[-47.7483,-15.8525],[-47.7467,-15.8522],[-47.7467,-15.8534],[-47.7456,-15.8536],[-47.746,-15.8542],[-47.7466,-15.8566],[-47.7474,-15.8581],[-47.7469,-15.8595],[-47.7448,-15.8613],[-47.7442,-15.8622],[-47.7434,-15.8621],[-47.7434,-15.8635],[-47.7431,-15.8639],[-47.7435,-15.8654],[-47.7427,-15.8654],[-47.7417,-15.8664],[-47.7419,-15.8672],[-47.7411,-15.8697],[-47.7401,-15.87],[-47.7398,-15.8706],[-47.739,-15.8704],[-47.7376,-15.8705],[-47.7367,-15.871],[-47.7365,-15.872],[-47.735,-15.872],[-47.7321,-15.8724],[-47.732,-15.8735],[-47.7309,-15.8731],[-47.7309,-15.8741],[-47.7291,-15.874],[-47.7284,-15.8746],[-47.7277,-15.8742],[-47.7265,-15.8746],[-47.7253,-15.8745],[-47.7245,-15.8755],[-47.7238,-15.8746],[-47.7233,-15.8748],[-47.7215,-15.8761],[-47.7209,-15.8759],[-47.7204,-15.8768],[-47.7195,-15.8774],[-47.7183,-15.877],[-47.7179,-15.8776],[-47.7167,-15.8777],[-47.7163,-15.8772],[-47.7154,-15.878],[-47.7144,-15.878],[-47.7146,-15.8768],[-47.7128,-15.8755],[-47.7114,-15.876],[-47.7109,-15.8759],[-47.71,-15.8749],[-47.7095,-15.8756],[-47.7098,-15.8774],[-47.7093,-15.8777],[-47.7086,-15.8773],[-47.7076,-15.88],[-47.708,-15.8808],[-47.7092,-15.8819],[-47.7094,-15.8838],[-47.7103,-15.884],[-47.7104,-15.8846],[-47.7093,-15.8856],[-47.7098,-15.8863],[-47.711,-15.8861],[-47.7116,-15.8865],[-47.7119,-15.8879],[-47.7114,-15.8884],[-47.71,-15.8881],[-47.7093,-15.8889],[-47.7083,-15.8893],[-47.7087,-15.8905],[-47.7094,-15.891],[-47.7093,-15.8919],[-47.7077,-15.8913],[-47.7068,-15.8916],[-47.7072,-15.8936],[-47.707,-15.8942],[-47.7052,-15.8928],[-47.704,-15.8924],[-47.7031,-15.8953],[-47.7023,-15.8952],[-47.7016,-15.8943],[-47.7006,-15.8948],[-47.7005,-15.8953],[-47.7014,-15.8966],[-47.7013,-15.8974],[-47.6994,-15.8972],[-47.699,-15.8975],[-47.6991,-15.8986],[-47.6999,-15.8997],[-47.6994,-15.9002],[-47.6982,-15.8992],[-47.6975,-15.8994],[-47.6975,-15.9013],[-47.6977,-15.9019],[-47.6987,-15.9025],[-47.6985,-15.9036],[-47.6967,-15.9034],[-47.6968,-15.9054],[-47.6962,-15.9054],[-47.6941,-15.9046],[-47.6931,-15.9049],[-47.6942,-15.9065],[-47.694,-15.9072],[-47.693,-15.9072],[-47.6917,-15.906],[-47.6922,-15.9049],[-47.6915,-15.904],[-47.6912,-15.9057],[-47.69,-15.9065],[-47.6894,-15.9086],[-47.6888,-15.9087],[-47.6884,-15.9078],[-47.6889,-15.9069],[-47.6887,-15.9061],[-47.6875,-15.9068],[-47.6869,-15.909],[-47.6882,-15.9114],[-47.6871,-15.9118],[-47.6856,-15.9114],[-47.6851,-15.9108],[-47.685,-15.9096],[-47.6841,-15.9096],[-47.6833,-15.9102],[-47.6827,-15.9099],[-47.6818,-15.9102],[-47.6818,-15.9113],[-47.6806,-15.9113],[-47.6803,-15.9118],[-47.6808,-15.9127],[-47.6825,-15.9145],[-47.6845,-15.9145],[-47.6845,-15.9151],[-47.683,-15.9154],[-47.6822,-15.9169],[-47.6826,-15.9188],[-47.6824,-15.9209],[-47.6815,-15.9214],[-47.681,-15.9198],[-47.6804,-15.919],[-47.6792,-15.9214],[-47.6779,-15.9221],[-47.6773,-15.9235],[-47.6763,-15.9235],[-47.6753,-15.9241],[-47.6755,-15.9248],[-47.6769,-15.9262],[-47.6773,-15.9286],[-47.6764,-15.9302],[-47.6745,-15.9281],[-47.672,-15.9275],[-47.6717,-15.9278],[-47.6717,-15.9288],[-47.6711,-15.9291],[-47.6701,-15.9289],[-47.67,-15.9297],[-47.6711,-15.9305],[-47.6699,-15.9323],[-47.6688,-15.9334],[-47.6683,-15.9343],[-47.6696,-15.9369],[-47.6694,-15.9374],[-47.6683,-15.9382],[-47.6686,-15.9392],[-47.6683,-15.9406],[-47.6685,-15.9418],[-47.6692,-15.9431],[-47.6688,-15.9433],[-47.667,-15.9427],[-47.6664,-15.943],[-47.6668,-15.9441],[-47.6675,-15.9447],[-47.6685,-15.945],[-47.6687,-15.9462],[-47.6672,-15.9489],[-47.6669,-15.95],[-47.6666,-15.9519],[-47.6659,-15.9526],[-47.6649,-15.953],[-47.6638,-15.9525],[-47.6629,-15.953],[-47.6626,-15.9539],[-47.6607,-15.9538],[-47.66,-15.9543],[-47.6597,-15.9553],[-47.6598,-15.9558],[-47.6615,-15.9566],[-47.6623,-15.9589],[-47.6633,-15.9589],[-47.6636,-15.9597],[-47.6629,-15.9613],[-47.662,-15.9624],[-47.6593,-15.9637],[-47.6551,-15.9677],[-47.6533,-15.9688],[-47.6519,-15.9692],[-47.6503,-15.9692],[-47.649,-15.9689],[-47.647,-15.9677],[-47.6428,-15.9634],[-47.6419,-15.9628],[-47.6375,-15.9606],[-47.6367,-15.9599],[-47.6348,-15.9575],[-47.6326,-15.9557],[-47.6312,-15.9537],[-47.6309,-15.9522],[-47.6306,-15.9498],[-47.6298,-15.9481],[-47.629,-15.9471],[-47.6261,-15.9449],[-47.6184,-15.9392],[-47.6173,-15.9386],[-47.6121,-15.9372],[-47.6109,-15.9369],[-47.6093,-15.937],[-47.6081,-15.9374],[-47.6073,-15.938],[-47.6064,-15.939],[-47.5873,-15.9697],[-47.5876,-15.9703],[-47.5885,-15.9732],[-47.5894,-15.9748],[-47.5944,-15.9828],[-47.5961,-15.9854],[-47.5983,-15.9882],[-47.6139,-16.0133],[-47.6142,-16.0142],[-47.6145,-16.0157],[-47.6149,-16.0203],[-47.6173,-16.0503],[-47.3101,-16.05],[-47.3114,-16.0417],[-47.3117,-16.0408],[-47.3117,-16.0393],[-47.3111,-16.0375],[-47.3109,-16.0363],[-47.3126,-16.0358],[-47.3145,-16.0357],[-47.3163,-16.0361],[-47.318,-16.036],[-47.3187,-16.0354],[-47.3201,-16.0323],[-47.3215,-16.0305],[-47.323,-16.0297],[-47.3252,-16.0288],[-47.3284,-16.0276],[-47.3288,-16.0271],[-47.329,-16.0259],[-47.3303,-16.0249],[-47.3306,-16.0233],[-47.3313,-16.0226],[-47.3334,-16.022],[-47.3341,-16.0212],[-47.3361,-16.0199],[-47.3368,-16.0183],[-47.3377,-16.0183],[-47.3394,-16.0193],[-47.3406,-16.0192],[-47.3405,-16.0157],[-47.3398,-16.0146],[-47.3399,-16.0132],[-47.3407,-16.0127],[-47.3435,-16.0118],[-47.3446,-16.0117],[-47.346,-16.0107],[-47.3465,-16.0091],[-47.3485,-16.0075],[-47.3497,-16.0071],[-47.3511,-16.0072],[-47.3536,-16.0075],[-47.3554,-16.008],[-47.3558,-16.0084],[-47.3573,-16.0088],[-47.3597,-16.0083],[-47.3603,-16.0077],[-47.3604,-16.0066],[-47.3618,-16.0066],[-47.3646,-16.0047],[-47.3651,-16.0038],[-47.3649,-16.0021],[-47.3655,-16.0015],[-47.3676,-16.0017],[-47.3691,-16.0025],[-47.37,-16.0011],[-47.3705,-15.9995],[-47.3702,-15.9974],[-47.3703,-15.9961],[-47.3706,-15.9953],[-47.3714,-15.9946],[-47.3727,-15.9943],[-47.3736,-15.9934],[-47.3744,-15.9905],[-47.3757,-15.9872],[-47.3763,-15.9862],[-47.3764,-15.9853],[-47.3758,-15.9842],[-47.3759,-15.9835],[-47.3765,-15.9826],[-47.3763,-15.9821],[-47.3737,-15.9812],[-47.3739,-15.98],[-47.3743,-15.9797],[-47.3756,-15.9804],[-47.3764,-15.9783],[-47.3773,-15.9784],[-47.3789,-15.9779],[-47.3778,-15.9757],[-47.3777,-15.9749],[-47.3787,-15.9732],[-47.3771,-15.9717],[-47.3774,-15.9709],[-47.3783,-15.9702],[-47.3792,-15.9683],[-47.3784,-15.9681],[-47.377,-15.9689],[-47.3762,-15.9689],[-47.3762,-15.9676],[-47.3754,-15.9664],[-47.3768,-15.965],[-47.377,-15.9638],[-47.3775,-15.9629],[-47.3785,-15.9626],[-47.3782,-15.962],[-47.377,-15.962],[-47.376,-15.9615],[-47.3743,-15.9601],[-47.3732,-15.96],[-47.373,-15.9591],[-47.3735,-15.9582],[-47.3744,-15.9585],[-47.3751,-15.9568],[-47.3748,-15.9563],[-47.3733,-15.9563],[-47.3718,-15.9558],[-47.3719,-15.9547],[-47.3724,-15.9536],[-47.3711,-15.9522],[-47.3706,-15.9507],[-47.3713,-15.9491],[-47.3709,-15.9484],[-47.3714,-15.9475],[-47.3714,-15.9467],[-47.3701,-15.9473],[-47.3687,-15.9473],[-47.3685,-15.9468],[-47.3693,-15.9462],[-47.3701,-15.9446],[-47.3699,-15.943],[-47.3708,-15.9429],[-47.3704,-15.9417],[-47.3691,-15.9411],[-47.3697,-15.9406],[-47.3711,-15.9404],[-47.3718,-15.9408],[-47.3726,-15.9407],[-47.3726,-15.94],[-47.3718,-15.9387],[-47.371,-15.9388],[-47.37,-15.9361],[-47.3711,-15.936],[-47.3717,-15.9367],[-47.3727,-15.9385],[-47.3732,-15.9386],[-47.3736,-15.9373],[-47.3731,-15.9361],[-47.3722,-15.9353],[-47.3705,-15.9354],[-47.3689,-15.9351],[-47.3682,-15.9331],[-47.3669,-15.933],[-47.3652,-15.9335],[-47.3651,-15.9331],[-47.3661,-15.9314],[-47.3653,-15.9304],[-47.363,-15.9319],[-47.3624,-15.9314],[-47.3643,-15.9303],[-47.3644,-15.9299],[-47.3633,-15.9297],[-47.3621,-15.9293],[-47.3627,-15.9282],[-47.3615,-15.9262],[-47.3623,-15.9245],[-47.3623,-15.9231],[-47.3619,-15.9222],[-47.3622,-15.9215],[-47.3639,-15.9198],[-47.3648,-15.9194],[-47.3663,-15.9211],[-47.3671,-15.9206],[-47.3673,-15.9198],[-47.3684,-15.9194],[-47.3692,-15.9186],[-47.3683,-15.9182],[-47.3686,-15.9172],[-47.3681,-15.9166],[-47.3683,-15.9159],[-47.3679,-15.9147],[-47.3673,-15.9142],[-47.3663,-15.9127],[-47.3667,-15.9123],[-47.3679,-15.9124],[-47.368,-15.9115],[-47.3672,-15.9116],[-47.3659,-15.9108],[-47.3655,-15.9095],[-47.367,-15.9086],[-47.3692,-15.9081],[-47.3709,-15.9079],[-47.372,-15.9066],[-47.3732,-15.9064],[-47.3746,-15.907],[-47.3748,-15.9067],[-47.374,-15.9053],[-47.3739,-15.9043],[-47.3724,-15.9001],[-47.3727,-15.8995],[-47.3748,-15.8993],[-47.3757,-15.8997],[-47.3758,-15.8983],[-47.3748,-15.8974],[-47.3774,-15.8963],[-47.3761,-15.8957],[-47.3757,-15.8948],[-47.3766,-15.8937],[-47.3762,-15.8919],[-47.3766,-15.8913],[-47.3777,-15.8916],[-47.378,-15.8913],[-47.3772,-15.8895],[-47.3775,-15.8892],[-47.377,-15.888],[-47.3773,-15.8875],[-47.3786,-15.8878],[-47.379,-15.8867],[-47.3781,-15.8859],[-47.3781,-15.885],[-47.3785,-15.884],[-47.3771,-15.8833],[-47.377,-15.8828],[-47.3783,-15.8819],[-47.3802,-15.8819],[-47.3807,-15.8814],[-47.3801,-15.8805],[-47.3784,-15.8807],[-47.3777,-15.8806],[-47.3773,-15.8816],[-47.3765,-15.8812],[-47.3759,-15.8802],[-47.375,-15.8794],[-47.3747,-15.8787],[-47.375,-15.8779],[-47.3746,-15.8775],[-47.3735,-15.8771],[-47.3739,-15.8763],[-47.3737,-15.8757],[-47.3721,-15.8743],[-47.372,-15.8736],[-47.3733,-15.8731],[-47.3721,-15.8726],[-47.3715,-15.8709],[-47.3725,-15.8708],[-47.3733,-15.8692],[-47.3715,-15.8685],[-47.3712,-15.868],[-47.3716,-15.867],[-47.3708,-15.865],[-47.3719,-15.8654],[-47.3737,-15.8653],[-47.3744,-15.8643],[-47.3729,-15.8628],[-47.3715,-15.8624],[-47.3698,-15.8614],[-47.3698,-15.861],[-47.3707,-15.8602],[-47.3702,-15.8597],[-47.3694,-15.8573],[-47.3698,-15.8562],[-47.3696,-15.8554],[-47.3709,-15.855],[-47.3687,-15.854],[-47.3681,-15.8534],[-47.3679,-15.8519],[-47.3694,-15.85],[-47.3689,-15.8488],[-47.3704,-15.849],[-47.3712,-15.8488],[-47.3711,-15.8476],[-47.3702,-15.8472],[-47.3692,-15.8477],[-47.3688,-15.8468],[-47.369,-15.8462],[-47.3701,-15.8462],[-47.3708,-15.8459]]]},"properties":{"ra":"Paranoá","ra_num":7}},
{"type":"Feature","geometry":{"type":"Polygon","coordinates":[[[-47.9484,-15.8102],[-47.9521,-15.8096],[-47.9668,-15.8074],[-47.9689,-15.8074],[-47.9705,-15.8081],[-47.9707,-15.8075],[-47.9703,-15.8049],[-47.9718,-15.8047],[-47.9718,-15.8038],[-47.9796,-15.8025],[-47.9803,-15.8011],[-47.9814,-15.8009],[-47.982,-15.7996],[-47.9855,-15.8014],[-47.9865,-15.802],[-47.9885,-15.8037],[-47.9901,-15.8042],[-47.9907,-15.8046],[-47.9913,-15.8062],[-47.9921,-15.8061],[-47.9929,-15.811],[-47.9949,-15.811],[-47.9959,-15.8113],[-48.0049,-15.8146],[-48.0041,-15.8158],[-48.0014,-15.8173],[-48.0008,-15.8178],[-48.0004,-15.8181],[-48.0001,-15.8203],[-47.9974,-15.8226],[-47.9963,-15.8231],[-47.9959,-15.8241],[-47.9966,-15.8255],[-47.9964,-15.8267],[-47.9955,-15.8272],[-47.9952,-15.828],[-47.9956,-15.8296],[-47.9951,-15.8298],[-47.9953,-15.8309],[-47.9951,-15.8318],[-47.9936,-15.8326],[-47.9931,-15.8338],[-47.9931,-15.8356],[-47.9924,-15.8371],[-47.9919,-15.8371],[-47.9916,-15.8381],[-47.9918,-15.8392],[-47.9911,-15.8401],[-47.9899,-15.8413],[-47.9902,-15.8426],[-47.9898,-15.8441],[-47.99,-15.8454],[-47.988,-15.8474],[-47.9864,-15.8476],[-47.9857,-15.8478],[-47.9852,-15.8486],[-47.9844,-15.8506],[-47.983,-15.8501],[-47.9817,-15.8503],[-47.9809,-15.8519],[-47.9796,-15.8529],[-47.9793,-15.8538],[-47.9793,-15.855],[-47.9777,-15.857],[-47.9777,-15.8578],[-47.9767,-15.8583],[-47.9756,-15.8592],[-47.975,-15.8588],[-47.9733,-15.8587],[-47.9728,-15.8594],[-47.9719,-15.8594],[-47.9716,-15.8601],[-47.9718,-15.8616],[-47.9702,-15.8616],[-47.9668,-15.8609],[-47.9652,-15.8618],[-47.9644,-15.8626],[-47.9634,-15.8627],[-47.9633,-15.8632],[-47.9622,-15.8643],[-47.9606,-15.8634],[-47.9603,-15.8638],[-47.9596,-15.863],[-47.9627,-15.8609],[-47.9617,-15.8538],[-47.9605,-15.8539],[-47.9565,-15.8545],[-47.9555,-15.8483],[-47.9545,-15.8484],[-47.9533,-15.8406],[-47.9519,-15.8323],[-47.9505,-15.8232],[-47.9484,-15.8102]]]},"properties":{"ra":"Guará","ra_num":10}},
{"type":"Feature","geometry":{"type":"Polygon","coordinates":[[[-48.0475,-15.8754],[-48.0477,-15.875],[-48.0375,-15.8682],[-48.04,-15.8635],[-48.0437,-15.8634],[-48.0447,-15.8614],[-48.0451,-15.8616],[-48.0474,-15.8595],[-48.048,-15.8597],[-48.0489,-15.8581],[-48.0497,-15.8572],[-48.0502,-15.8555],[-48.0538,-15.857],[-48.0544,-15.8565],[-48.0565,-15.8574],[-48.0571,-15.8574],[-48.0595,-15.8584],[-48.0607,-15.8587],[-48.0618,-15.8586],[-48.0644,-15.8572],[-48.0654,-15.8562],[-48.0662,-15.8545],[-48.0676,-15.8523],[-48.0676,-15.8516],[-48.0695,-15.8521],[-48.0713,-15.8494],[-48.0717,-15.8486],[-48.0731,-15.8474],[-48.0745,-15.8479],[-48.0752,-15.8454],[-48.0753,-15.8437],[-48.0762,-15.8437],[-48.077,-15.8442],[-48.0776,-15.845],[-48.079,-15.8454],[-48.0798,-15.8461],[-48.0804,-15.846],[-48.0821,-15.8468],[-48.0829,-15.847],[-48.0841,-15.8485],[-48.0843,-15.8491],[-48.0864,-15.8508],[-48.0877,-15.8512],[-48.0889,-15.8523],[-48.0899,-15.8527],[-48.0908,-15.8526],[-48.0919,-15.8534],[-48.093,-15.8532],[-48.0939,-15.8537],[-48.096,-15.854],[-48.0982,-15.8553],[-48.0993,-15.8552],[-48.1006,-15.8564],[-48.1021,-15.8565],[-48.1026,-15.8573],[-48.1037,-15.857],[-48.1046,-15.8573],[-48.1055,-15.8573],[-48.1058,-15.858],[-48.107,-15.8588],[-48.1074,-15.8594],[-48.108,-15.86],[-48.1098,-15.8623],[-48.1095,-15.8637],[-48.1103,-15.8653],[-48.1109,-15.8667],[-48.1128,-15.8676],[-48.1139,-15.8678],[-48.1157,-15.8674],[-48.1169,-15.8676],[-48.1177,-15.8669],[-48.1187,-15.8673],[-48.1193,-15.8669],[-48.1201,-15.867],[-48.1207,-15.8664],[-48.1213,-15.8654],[-48.1224,-15.8661],[-48.1236,-15.8665],[-48.1246,-15.8675],[-48.1252,-15.8668],[-48.127,-15.8656],[-48.1281,-15.8655],[-48.1291,-15.8646],[-48.1303,-15.864],[-48.131,-15.8645],[-48.1319,-15.8634],[-48.1327,-15.8631],[-48.1338,-15.8641],[-48.1354,-15.8643],[-48.1358,-15.8638],[-48.1368,-15.8638],[-48.1376,-15.8629],[-48.139,-15.8625],[-48.1405,-15.8616],[-48.1424,-15.861],[-48.1436,-15.8592],[-48.1444,-15.8586],[-48.1452,-15.8586],[-48.146,-15.8571],[-48.1474,-15.857],[-48.1479,-15.8561],[-48.15,-15.8557],[-48.1499,-15.8549],[-48.151,-15.8542],[-48.153,-15.8543],[-48.1536,-15.8551],[-48.1549,-15.8546],[-48.1558,-15.8546],[-48.1585,-15.8549],[-48.1595,-15.8543],[-48.1603,-15.8533],[-48.161,-15.8533],[-48.1615,-15.8525],[-48.1626,-15.8527],[-48.1637,-15.8517],[-48.1642,-15.852],[-48.1645,-15.8529],[-48.1669,-15.8533],[-48.1679,-15.8526],[-48.169,-15.8533],[-48.169,-15.854],[-48.1702,-15.8541],[-48.1715,-15.8548],[-48.1719,-15.8554],[-48.1737,-15.8554],[-48.1746,-15.8559],[-48.1754,-15.8571],[-48.1758,-15.8575],[-48.1768,-15.8573],[-48.1773,-15.8586],[-48.1782,-15.8608],[-48.1777,-15.8614],[-48.178,-15.8621],[-48.1794,-15.8617],[-48.182,-15.8605],[-48.183,-15.8617],[-48.1833,-15.8625],[-48.1832,-15.8633],[-48.1838,-15.8642],[-48.1838,-15.8647],[-48.1847,-15.8665],[-48.1871,-15.8685],[-48.1876,-15.8691],[-48.1887,-15.8693],[-48.1887,-15.8699],[-48.1894,-15.8704],[-48.1896,-15.8711],[-48.1903,-15.8711],[-48.1908,-15.8716],[-48.1921,-15.8713],[-48.1927,-15.8719],[-48.1922,-15.8725],[-48.1926,-15.8732],[-48.1937,-15.8744],[-48.1949,-15.8752],[-48.1948,-15.8763],[-48.1961,-15.8775],[-48.1961,-15.879],[-48.1969,-15.8795],[-48.197,-15.8802],[-48.1978,-15.8808],[-48.1979,-15.8832],[-48.1988,-15.8828],[-48.2003,-15.8843],[-48.2001,-15.885],[-48.2007,-15.8854],[-48.2007,-15.8872],[-48.2002,-15.8878],[-48.2006,-15.8886],[-48.2018,-15.8893],[-48.2024,-15.8905],[-48.2022,-15.8914],[-48.2037,-15.8916],[-48.2046,-15.8914],[-48.2058,-15.8914],[-48.2058,-15.8926],[-48.2068,-15.8937],[-48.2072,-15.8933],[-48.2083,-15.8932],[-48.2077,-15.8946],[-48.2085,-15.8957],[-48.2093,-15.8957],[-48.2104,-15.897],[-48.2106,-15.8962],[-48.2118,-15.8956],[-48.2126,-15.8965],[-48.2125,-15.8971],[-48.2131,-15.8976],[-48.215,-15.8972],[-48.2182,-15.8977],[-48.2185,-15.899],[-48.2198,-15.8978],[-48.2205,-15.8989],[-48.2201,-15.8997],[-48.2204,-15.9005],[-48.2214,-15.9011],[-48.2223,-15.9004],[-48.2232,-15.9007],[-48.2234,-15.9021],[-48.2241,-15.9025],[-48.2248,-15.9022],[-48.2247,-15.9013],[-48.2264,-15.901],[-48.2263,-15.9],[-48.2288,-15.9002],[-48.2287,-15.9008],[-48.228,-15.9011],[-48.2285,-15.9018],[-48.2302,-15.9017],[-48.2309,-15.901],[-48.2333,-15.9004],[-48.2347,-15.9007],[-48.235,-15.899],[-48.2356,-15.8999],[-48.2364,-15.9001],[-48.237,-15.9009],[-48.2369,-15.9016],[-48.2358,-15.9028],[-48.2368,-15.9036],[-48.238,-15.9036],[-48.2385,-15.9038],[-48.2397,-15.9032],[-48.2406,-15.9045],[-48.2416,-15.9049],[-48.2424,-15.9047],[-48.2431,-15.905],[-48.2443,-15.9063],[-48.246,-15.907],[-48.2466,-15.9075],[-48.2468,-15.9083],[-48.2481,-15.9095],[-48.2487,-15.9085],[-48.2493,-15.9088],[-48.2505,-15.9086],[-48.2516,-15.909],[-48.2527,-15.9101],[-48.2525,-15.9106],[-48.2549,-15.9116],[-48.2555,-15.9125],[-48.2548,-15.9134],[-48.255,-15.9139],[-48.2544,-15.9149],[-48.2552,-15.9155],[-48.2551,-15.9162],[-48.2542,-15.9162],[-48.2541,-15.9171],[-48.2556,-15.9173],[-48.2562,-15.9178],[-48.2577,-15.9179],[-48.2583,-15.9201],[-48.2593,-15.921],[-48.2595,-15.9218],[-48.2585,-15.9234],[-48.2588,-15.9243],[-48.2583,-15.9249],[-48.2587,-15.9256],[-48.259,-15.9285],[-48.2592,-15.9292],[-48.2587,-15.9298],[-48.2588,-15.9313],[-48.258,-15.9322],[-48.2566,-15.9319],[-48.2558,-15.9323],[-48.2547,-15.9355],[-48.2546,-15.9367],[-48.2524,-15.9358],[-48.2525,-15.9355],[-48.2505,-15.9337],[-48.2483,-15.9339],[-48.2466,-15.9333],[-48.2459,-15.932],[-48.2436,-15.932],[-48.2427,-15.9319],[-48.2409,-15.9309],[-48.2404,-15.9304],[-48.24,-15.9294],[-48.2387,-15.9292],[-48.238,-15.9296],[-48.2371,-15.931],[-48.2343,-15.9337],[-48.2348,-15.9344],[-48.234,-15.9353],[-48.2336,-15.9351],[-48.2328,-15.9339],[-48.2305,-15.9334],[-48.2299,-15.9318],[-48.2291,-15.9324],[-48.2283,-15.9314],[-48.2277,-15.9321],[-48.2264,-15.9329],[-48.2263,-15.934],[-48.2236,-15.9346],[-48.2233,-15.9355],[-48.2227,-15.936],[-48.2218,-15.9356],[-48.2217,-15.9345],[-48.2204,-15.934],[-48.2195,-15.9343],[-48.2191,-15.9348],[-48.2127,-15.932],[-48.207,-15.9285],[-48.2032,-15.9261],[-48.2008,-15.9245],[-48.1994,-15.9237],[-48.1896,-15.9199],[-48.1878,-15.9197],[-48.1862,-15.9205],[-48.1837,-15.9229],[-48.183,-15.9233],[-48.1819,-15.9236],[-48.1804,-15.923],[-48.1797,-15.922],[-48.1793,-15.9201],[-48.1781,-15.9189],[-48.1754,-15.9181],[-48.1742,-15.9182],[-48.1727,-15.9188],[-48.172,-15.9195],[-48.1701,-15.9224],[-48.1692,-15.9229],[-48.1663,-15.9236],[-48.164,-15.9157],[-48.1632,-15.9145],[-48.1618,-15.9132],[-48.1607,-15.9127],[-48.1405,-15.9066],[-48.1377,-15.9055],[-48.1296,-15.9031],[-48.1041,-15.8954],[-48.1017,-15.8947],[-48.084,-15.8894],[-48.081,-15.8885],[-48.0647,-15.8835],[-48.0626,-15.8831],[-48.0603,-15.8824],[-48.0567,-15.8812],[-48.0547,-15.8802],[-48.0475,-15.8754]]]},"properties":{"ra":"Samambaia","ra_num":12}},
{"type":"Feature","geometry":{"type":"Polygon","coordinates":[[[-47.8885,-16.0503],[-47.8877,-16.0492],[-47.8856,-16.0475],[-47.8844,-16.0467],[-47.8827,-16.0468],[-47.8817,-16.0461],[-47.881,-16.0452],[-47.8808,-16.0442],[-47.8792,-16.043],[-47.8789,-16.0416],[-47.8772,-16.0406],[-47.8765,-16.0404],[-47.8757,-16.0393],[-47.8738,-16.0389],[-47.873,-16.0394],[-47.8726,-16.0386],[-47.8706,-16.0379],[-47.8693,-16.038],[-47.8685,-16.0374],[-47.8692,-16.0364],[-47.8697,-16.0349],[-47.8707,-16.0344],[-47.8709,-16.0332],[-47.8716,-16.0321],[-47.8726,-16.0317],[-47.8726,-16.0307],[-47.8735,-16.0286],[-47.8749,-16.0272],[-47.8749,-16.0249],[-47.876,-16.0223],[-47.8771,-16.0208],[-47.877,-16.0185],[-47.8767,-16.0177],[-47.8757,-16.0167],[-47.875,-16.0153],[-47.8733,-16.0147],[-47.872,-16.0139],[-47.8713,-16.0137],[-47.8705,-16.0128],[-47.8715,-16.0124],[-47.8722,-16.0112],[-47.8726,-16.0109],[-47.8738,-16.0108],[-47.8755,-16.0077],[-47.8761,-16.0054],[-47.8772,-16.0032],[-47.8781,-16.0013],[-47.8785,-15.9998],[-47.8783,-15.9982],[-47.8779,-15.9968],[-47.878,-15.9952],[-47.8785,-15.9936],[-47.8791,-15.9923],[-47.8803,-15.9906],[-47.8804,-15.9885],[-47.8809,-15.9874],[-47.881,-15.9864],[-47.8817,-15.9847],[-47.8824,-15.9834],[-47.883,-15.9827],[-47.884,-15.9805],[-47.8846,-15.9788],[-47.8847,-15.9778],[-47.8854,-15.9771],[-47.8875,-15.9767],[-47.8879,-15.9755],[-47.8886,-15.975],[-47.8894,-15.9728],[-47.8893,-15.9721],[-47.8901,-15.9717],[-47.8902,-15.9711],[-47.8915,-15.9713],[-47.8924,-15.9693],[-47.92,-15.9794],[-47.928,-15.9823],[-47.9313,-15.9833],[-47.9345,-15.9838],[-47.9381,-15.984],[-47.9411,-15.9838],[-47.9439,-15.9833],[-47.9464,-15.9826],[-47.9645,-15.9763],[-47.9669,-15.9755],[-47.9705,-15.9747],[-47.9735,-15.9745],[-47.9763,-15.9745],[-47.9793,-15.9748],[-47.9887,-15.9766],[-47.9908,-15.9768],[-47.9966,-15.978],[-47.9987,-15.9782],[-48.0008,-15.9783],[-48.003,-15.9781],[-48.0045,-15.9778],[-48.007,-15.9861],[-48.0088,-15.9894],[-48.0093,-15.9899],[-48.0106,-15.9929],[-48.0115,-15.9971],[-48.0132,-15.9979],[-48.0135,-15.9986],[-48.0143,-15.9994],[-48.015,-15.9995],[-48.0178,-16.0017],[-48.018,-16.0026],[-48.0192,-16.0031],[-48.0207,-16.0041],[-48.0211,-16.0052],[-48.0215,-16.0051],[-48.023,-16.0061],[-48.0241,-16.0072],[-48.0259,-16.0085],[-48.0265,-16.0085],[-48.0277,-16.0091],[-48.0284,-16.0104],[-48.0292,-16.0107],[-48.0298,-16.0116],[-48.0314,-16.0128],[-48.0324,-16.0143],[-48.0333,-16.0147],[-48.0346,-16.0159],[-48.0351,-16.016],[-48.0364,-16.0174],[-48.0374,-16.0179],[-48.0395,-16.02],[-48.0404,-16.0203],[-48.042,-16.0196],[-48.043,-16.0198],[-48.0438,-16.0196],[-48.045,-16.0202],[-48.0457,-16.021],[-48.0459,-16.0225],[-48.0465,-16.024],[-48.0478,-16.0256],[-48.0481,-16.027],[-48.0492,-16.0276],[-48.0492,-16.0283],[-48.0495,-16.0299],[-48.0509,-16.031],[-48.0517,-16.0332],[-48.0533,-16.0355],[-48.0541,-16.0371],[-48.053,-16.0368],[-48.0518,-16.0362],[-48.05,-16.0359],[-48.0482,-16.0365],[-48.0471,-16.0374],[-48.043,-16.043],[-48.0486,-16.0501],[-47.8885,-16.0503]]]},"properties":{"ra":"Santa Maria","ra_num":13}},
{"type":"Feature","geometry":{"type":"Polygon","coordinates":[[[-47.7072,-15.8936],[-47.7076,-15.8937],[-47.7087,-15.8931],[-47.7096,-15.8932],[-47.7093,-15.8939],[-47.7104,-15.8939],[-47.7124,-15.8926],[-47.7134,-15.8931],[-47.7141,-15.8943],[-47.7142,-15.8926],[-47.7148,-15.8922],[-47.7171,-15.8921],[-47.7178,-15.8923],[-47.7191,-15.8919],[-47.7202,-15.8912],[-47.7211,-15.8915],[-47.7235,-15.891],[-47.7247,-15.892],[-47.7255,-15.8924],[-47.7263,-15.8922],[-47.7268,-15.8928],[-47.7275,-15.8929],[-47.7283,-15.8935],[-47.7289,-15.8947],[-47.7301,-15.8959],[-47.7308,-15.8961],[-47.7317,-15.8973],[-47.7329,-15.8982],[-47.734,-15.8986],[-47.7345,-15.8983],[-47.7359,-15.8987],[-47.7364,-15.8992],[-47.7376,-15.8991],[-47.7383,-15.8984],[-47.7401,-15.8985],[-47.742,-15.8989],[-47.7417,-15.8998],[-47.7431,-15.8995],[-47.7445,-15.9005],[-47.7454,-15.9005],[-47.7464,-15.9008],[-47.7468,-15.9015],[-47.7488,-15.9013],[-47.7503,-15.9016],[-47.7518,-15.9017],[-47.7522,-15.9023],[-47.7544,-15.903],[-47.7547,-15.9026],[-47.7559,-15.9027],[-47.7574,-15.9025],[-47.759,-15.9011],[-47.7599,-15.9015],[-47.7613,-15.903],[-47.7621,-15.9024],[-47.7632,-15.9004],[-47.7645,-15.8996],[-47.765,-15.8987],[-47.7648,-15.8982],[-47.7669,-15.8968],[-47.7671,-15.8961],[-47.768,-15.8951],[-47.7681,-15.8936],[-47.7685,-15.8931],[-47.771,-15.8913],[-47.7709,-15.8905],[-47.7714,-15.8896],[-47.7729,-15.8881],[-47.7735,-15.8863],[-47.7741,-15.8855],[-47.7755,-15.8851],[-47.7767,-15.885],[-47.7773,-15.8847],[-47.7784,-15.8828],[-47.7784,-15.882],[-47.7802,-15.8817],[-47.7813,-15.8809],[-47.7849,-15.8793],[-47.7862,-15.8781],[-47.7861,-15.8778],[-47.7874,-15.8766],[-47.7901,-15.8752],[-47.7932,-15.875],[-47.7948,-15.8751],[-47.7952,-15.8755],[-47.7968,-15.8757],[-47.7985,-15.8774],[-47.799,-15.8775],[-47.8,-15.8791],[-47.8015,-15.8797],[-47.8021,-15.8812],[-47.7979,-15.881],[-47.7956,-15.8794],[-47.7953,-15.8803],[-47.7956,-15.881],[-47.7951,-15.8819],[-47.796,-15.883],[-47.7965,-15.8856],[-47.7962,-15.8863],[-47.7951,-15.8869],[-47.7954,-15.8877],[-47.7953,-15.8889],[-47.7945,-15.8896],[-47.7938,-15.8906],[-47.7954,-15.8917],[-47.7928,-15.8932],[-47.7929,-15.8937],[-47.794,-15.895],[-47.7944,-15.8971],[-47.793,-15.8977],[-47.7943,-15.9007],[-47.7938,-15.9022],[-47.7926,-15.9026],[-47.792,-15.9032],[-47.7904,-15.9039],[-47.79,-15.9063],[-47.7885,-15.9065],[-47.7875,-15.907],[-47.7865,-15.9072],[-47.7846,-15.9084],[-47.7841,-15.9096],[-47.7834,-15.9101],[-47.7827,-15.9115],[-47.7824,-15.9126],[-47.7807,-15.9135],[-47.7774,-15.9129],[-47.7763,-15.9133],[-47.7745,-15.9132],[-47.773,-15.9124],[-47.7725,-15.9127],[-47.7735,-15.9138],[-47.7744,-15.914],[-47.7752,-15.9148],[-47.7754,-15.916],[-47.7761,-15.9163],[-47.7767,-15.917],[-47.7765,-15.9177],[-47.7773,-15.9196],[-47.7774,-15.9204],[-47.7783,-15.9227],[-47.7802,-15.9236],[-47.7814,-15.9239],[-47.7854,-15.9247],[-47.7864,-15.9251],[-47.7873,-15.9249],[-47.7885,-15.9253],[-47.7894,-15.9258],[-47.7914,-15.926],[-47.7922,-15.9264],[-47.7957,-15.9268],[-47.7973,-15.9277],[-47.7983,-15.9277],[-47.8,-15.9284],[-47.8011,-15.9294],[-47.8019,-15.9296],[-47.8024,-15.9305],[-47.804,-15.9313],[-47.8045,-15.9313],[-47.805,-15.932],[-47.8048,-15.9326],[-47.8063,-15.9359],[-47.8075,-15.9388],[-47.8056,-15.9399],[-47.8055,-15.9407],[-47.805,-15.9414],[-47.8042,-15.9415],[-47.8024,-15.9433],[-47.8015,-15.9451],[-47.8007,-15.9457],[-47.8003,-15.9465],[-47.7994,-15.9468],[-47.799,-15.9476],[-47.7976,-15.9485],[-47.7973,-15.9493],[-47.7966,-15.9502],[-47.7955,-15.9511],[-47.7952,-15.9519],[-47.7947,-15.9521],[-47.7938,-15.9536],[-47.7937,-15.9547],[-47.7933,-15.955],[-47.7933,-15.9561],[-47.794,-15.9571],[-47.7927,-15.9581],[-47.7915,-15.9597],[-47.7903,-15.9598],[-47.7896,-15.9608],[-47.7875,-15.962],[-47.7857,-15.9621],[-47.7849,-15.9625],[-47.7824,-15.9629],[-47.7815,-15.9636],[-47.7802,-15.9641],[-47.7797,-15.9639],[-47.7788,-15.9643],[-47.7769,-15.9645],[-47.7754,-15.9654],[-47.7734,-15.9655],[-47.772,-15.966],[-47.7714,-15.9667],[-47.7707,-15.9667],[-47.7703,-15.9674],[-47.7694,-15.9674],[-47.7685,-15.9684],[-47.7667,-15.9689],[-47.7664,-15.9693],[-47.765,-15.9692],[-47.7639,-15.9697],[-47.7637,-15.9702],[-47.7618,-15.9718],[-47.7617,-15.9724],[-47.7604,-15.9724],[-47.76,-15.9729],[-47.7611,-15.9736],[-47.762,-15.9749],[-47.7631,-15.9757],[-47.7645,-15.9778],[-47.7652,-15.9792],[-47.7676,-15.9796],[-47.7687,-15.9811],[-47.7699,-15.9815],[-47.7719,-15.9829],[-47.7731,-15.9835],[-47.775,-15.983],[-47.7759,-15.9837],[-47.7786,-15.9849],[-47.7782,-15.986],[-47.7793,-15.9879],[-47.7797,-15.989],[-47.7795,-15.9896],[-47.7718,-15.998],[-47.7692,-16.0011],[-47.7677,-16.0044],[-47.7664,-16.0059],[-47.766,-16.0067],[-47.7632,-16.0087],[-47.7625,-16.0097],[-47.7627,-16.0114],[-47.7624,-16.0141],[-47.763,-16.0154],[-47.764,-16.0172],[-47.7645,-16.0184],[-47.7644,-16.0203],[-47.7635,-16.0218],[-47.762,-16.0229],[-47.7607,-16.0248],[-47.7595,-16.0281],[-47.7599,-16.0295],[-47.7607,-16.0306],[-47.7343,-16.0318],[-47.7335,-16.0316],[-47.7327,-16.0307],[-47.7317,-16.0302],[-47.7313,-16.0308],[-47.7304,-16.031],[-47.7274,-16.0356],[-47.7276,-16.0405],[-47.7268,-16.0407],[-47.7249,-16.042],[-47.7226,-16.0439],[-47.7219,-16.0465],[-47.7212,-16.0504],[-47.6173,-16.0503],[-47.6149,-16.0203],[-47.6145,-16.0157],[-47.6142,-16.0142],[-47.6139,-16.0133],[-47.5983,-15.9882],[-47.5961,-15.9854],[-47.5944,-15.9828],[-47.5894,-15.9748],[-47.5885,-15.9732],[-47.5876,-15.9703],[-47.5873,-15.9697],[-47.6064,-15.939],[-47.6073,-15.938],[-47.6081,-15.9374],[-47.6093,-15.937],[-47.6109,-15.9369],[-47.6121,-15.9372],[-47.6173,-15.9386],[-47.6184,-15.9392],[-47.6261,-15.9449],[-47.629,-15.9471],[-47.6298,-15.9481],[-47.6306,-15.9498],[-47.6309,-15.9522],[-47.6312,-15.9537],[-47.6326,-15.9557],[-47.6348,-15.9575],[-47.6367,-15.9599],[-47.6375,-15.9606],[-47.6419,-15.9628],[-47.6428,-15.9634],[-47.647,-15.9677],[-47.649,-15.9689],[-47.6503,-15.9692],[-47.6519,-15.9692],[-47.6533,-15.9688],[-47.6551,-15.9677],[-47.6593,-15.9637],[-47.662,-15.9624],[-47.6629,-15.9613],[-47.6636,-15.9597],[-47.6633,-15.9589],[-47.6623,-15.9589],[-47.6615,-15.9566],[-47.6598,-15.9558],[-47.6597,-15.9553],[-47.66,-15.9543],[-47.6607,-15.9538],[-47.6626,-15.9539],[-47.6629,-15.953],[-47.6638,-15.9525],[-47.6649,-15.953],[-47.6659,-15.9526],[-47.6666,-15.9519],[-47.6669,-15.95],[-47.6672,-15.9489],[-47.6687,-15.9462],[-47.6685,-15.945],[-47.6675,-15.9447],[-47.6668,-15.9441],[-47.6664,-15.943],[-47.667,-15.9427],[-47.6688,-15.9433],[-47.6692,-15.9431],[-47.6685,-15.9418],[-47.6683,-15.9406],[-47.6686,-15.9392],[-47.6683,-15.9382],[-47.6694,-15.9374],[-47.6696,-15.9369],[-47.6683,-15.9343],[-47.6688,-15.9334],[-47.6699,-15.9323],[-47.6711,-15.9305],[-47.67,-15.9297],[-47.6701,-15.9289],[-47.6711,-15.9291],[-47.6717,-15.9288],[-47.6717,-15.9278],[-47.672,-15.9275],[-47.6745,-15.9281],[-47.6764,-15.9302],[-47.6773,-15.9286],[-47.6769,-15.9262],[-47.6755,-15.9248],[-47.6753,-15.9241],[-47.6763,-15.9235],[-47.6773,-15.9235],[-47.6779,-15.9221],[-47.6792,-15.9214],[-47.6804,-15.919],[-47.681,-15.9198],[-47.6815,-15.9214],[-47.6824,-15.9209],[-47.6826,-15.9188],[-47.6822,-15.9169],[-47.683,-15.9154],[-47.6845,-15.9151],[-47.6845,-15.9145],[-47.6825,-15.9145],[-47.6808,-15.9127],[-47.6803,-15.9118],[-47.6806,-15.9113],[-47.6818,-15.9113],[-47.6818,-15.9102],[-47.6827,-15.9099],[-47.6833,-15.9102],[-47.6841,-15.9096],[-47.685,-15.9096],[-47.6851,-15.9108],[-47.6856,-15.9114],[-47.6871,-15.9118],[-47.6882,-15.9114],[-47.6869,-15.909],[-47.6875,-15.9068],[-47.6887,-15.9061],[-47.6889,-15.9069],[-47.6884,-15.9078],[-47.6888,-15.9087],[-47.6894,-15.9086],[-47.69,-15.9065],[-47.6912,-15.9057],[-47.6915,-15.904],[-47.6922,-15.9049],[-47.6917,-15.906],[-47.693,-15.9072],[-47.694,-15.9072],[-47.6942,-15.9065],[-47.6931,-15.9049],[-47.6941,-15.9046],[-47.6962,-15.9054],[-47.6968,-15.9054],[-47.6967,-15.9034],[-47.6985,-15.9036],[-47.6987,-15.9025],[-47.6977,-15.9019],[-47.6975,-15.9013],[-47.6975,-15.8994],[-47.6982,-15.8992],[-47.6994,-15.9002],[-47.6999,-15.8997],[-47.6991,-15.8986],[-47.699,-15.8975],[-47.6994,-15.8972],[-47.7013,-15.8974],[-47.7014,-15.8966],[-47.7005,-15.8953],[-47.7006,-15.8948],[-47.7016,-15.8943],[-47.7023,-15.8952],[-47.7031,-15.8953],[-47.704,-15.8924],[-47.7052,-15.8928],[-47.707,-15.8942],[-47.7072,-15.8936]]]},"properties":{"ra":"São Sebastião","ra_num":14}},
{"type":"Feature","geometry":{"type":"MultiPolygon","coordinates":[[[[-47.9078,-15.9125],[-47.9084,-15.912],[-47.9091,-15.9107],[-47.9092,-15.9099],[-47.9111,-15.9095],[-47.9119,-15.9097],[-47.9133,-15.9084],[-47.9123,-15.9074],[-47.9114,-15.9053],[-47.911,-15.9038],[-47.9108,-15.901],[-47.9101,-15.8989],[-47.9089,-15.8977],[-47.9084,-15.8969],[-47.9088,-15.896],[-47.908,-15.8955],[-47.9074,-15.8947],[-47.9074,-15.894],[-47.9066,-15.8928],[-47.9066,-15.8918],[-47.9055,-15.8909],[-47.9061,-15.8894],[-47.9063,-15.886],[-47.9065,-15.8853],[-47.9058,-15.8847],[-47.9057,-15.8833],[-47.906,-15.8827],[-47.9061,-15.8813],[-47.9083,-15.8813],[-47.9095,-15.8817],[-47.9098,-15.8822],[-47.911,-15.8825],[-47.9119,-15.8824],[-47.9137,-15.8829],[-47.9151,-15.883],[-47.9162,-15.8834],[-47.9179,-15.8835],[-47.9194,-15.8834],[-47.9206,-15.8841],[-47.9238,-15.8849],[-47.9255,-15.8864],[-47.927,-15.8869],[-47.9278,-15.8877],[-47.9314,-15.8905],[-47.9322,-15.8907],[-47.9344,-15.8922],[-47.9355,-15.8932],[-47.9366,-15.8935],[-47.9382,-15.8942],[-47.9387,-15.895],[-47.94,-15.8955],[-47.941,-15.8962],[-47.9461,-15.8951],[-47.9466,-15.8942],[-47.9519,-15.8845],[-47.9563,-15.8813],[-47.9561,-15.8801],[-47.9481,-15.8756],[-47.9366,-15.8701],[-47.9362,-15.8692],[-47.9366,-15.868],[-47.9365,-15.8667],[-47.935,-15.8611],[-47.9361,-15.8617],[-47.9442,-15.8669],[-47.9518,-15.8718],[-47.9563,-15.8743],[-47.9573,-15.8746],[-47.9587,-15.8746],[-47.9591,-15.8768],[-47.962,-15.8763],[-47.9623,-15.8785],[-47.9639,-15.8789],[-47.9639,-15.8806],[-47.9687,-15.8806],[-47.9689,-15.8794],[-47.9708,-15.8794],[-47.9708,-15.8829],[-47.9645,-15.8829],[-47.9633,-15.8828],[-47.961,-15.8823],[-47.961,-15.8838],[-47.9623,-15.8837],[-47.9748,-15.8836],[-47.9765,-15.8832],[-47.9778,-15.8823],[-47.979,-15.8805],[-47.9811,-15.8812],[-47.9831,-15.8822],[-47.9839,-15.8818],[-47.985,-15.8828],[-47.9863,-15.8835],[-47.9867,-15.8835],[-47.9879,-15.8843],[-47.9886,-15.8857],[-47.9889,-15.8871],[-47.9887,-15.8885],[-47.9891,-15.8897],[-47.989,-15.8909],[-47.9886,-15.8914],[-47.9888,-15.8931],[-47.9892,-15.8938],[-47.9888,-15.8962],[-47.9877,-15.8982],[-47.9875,-15.8989],[-47.9879,-15.901],[-47.9875,-15.9014],[-47.9876,-15.9028],[-47.9868,-15.904],[-47.9857,-15.905],[-47.9862,-15.907],[-47.9844,-15.9098],[-47.9838,-15.9121],[-47.984,-15.9139],[-47.9832,-15.9155],[-47.9819,-15.917],[-47.982,-15.9184],[-47.9817,-15.9216],[-47.9821,-15.922],[-47.9823,-15.923],[-47.9832,-15.9239],[-47.9836,-15.925],[-47.9838,-15.9264],[-47.9834,-15.9275],[-47.9835,-15.9281],[-47.9857,-15.9302],[-47.9867,-15.9307],[-47.9891,-15.9327],[-47.9898,-15.9329],[-47.9913,-15.9338],[-47.9932,-15.9354],[-47.9938,-15.9364],[-47.9966,-15.938],[-47.9971,-15.9396],[-47.9984,-15.9413],[-48.0008,-15.9434],[-48.001,-15.9442],[-48.0018,-15.9457],[-48.0001,-15.9476],[-48.018,-15.9637],[-48.0207,-15.9661],[-48.016,-15.9715],[-48.0149,-15.9726],[-48.0131,-15.9741],[-48.0102,-15.9758],[-48.0081,-15.9768],[-48.0045,-15.9778],[-48.003,-15.9781],[-48.0008,-15.9783],[-47.9987,-15.9782],[-47.9966,-15.978],[-47.9908,-15.9768],[-47.9887,-15.9766],[-47.9793,-15.9748],[-47.9763,-15.9745],[-47.9735,-15.9745],[-47.9705,-15.9747],[-47.9669,-15.9755],[-47.9645,-15.9763],[-47.9464,-15.9826],[-47.9439,-15.9833],[-47.9411,-15.9838],[-47.9381,-15.984],[-47.9345,-15.9838],[-47.9313,-15.9833],[-47.928,-15.9823],[-47.92,-15.9794],[-47.8924,-15.9693],[-47.8875,-15.9675],[-47.8874,-15.9608],[-47.8877,-15.959],[-47.8873,-15.9578],[-47.8874,-15.957],[-47.8881,-15.9558],[-47.8888,-15.9531],[-47.8897,-15.9516],[-47.8908,-15.9509],[-47.8913,-15.95],[-47.8921,-15.9489],[-47.893,-15.9488],[-47.894,-15.9475],[-47.8958,-15.9464],[-47.896,-15.9455],[-47.8967,-15.9444],[-47.8963,-15.9424],[-47.8973,-15.9409],[-47.8981,-15.9387],[-47.8981,-15.9372],[-47.8987,-15.9352],[-47.8997,-15.9342],[-47.9005,-15.9341],[-47.9011,-15.9329],[-47.9017,-15.9324],[-47.9027,-15.9308],[-47.9027,-15.9302],[-47.9034,-15.9296],[-47.9042,-15.9283],[-47.9045,-15.9269],[-47.9056,-15.9255],[-47.9063,-15.9238],[-47.9063,-15.923],[-47.9069,-15.9218],[-47.9066,-15.9191],[-47.9067,-15.9185],[-47.9059,-15.9166],[-47.9061,-15.9155],[-47.9069,-15.9152],[-47.907,-15.9145],[-47.9079,-15.9131],[-47.9078,-15.9125]]],[[[-47.9603,-15.8638],[-47.9606,-15.8634],[-47.9622,-15.8643],[-47.9633,-15.8632],[-47.9634,-15.8627],[-47.9644,-15.8626],[-47.9652,-15.8618],[-47.9668,-15.8609],[-47.9702,-15.8616],[-47.9718,-15.8616],[-47.9716,-15.8601],[-47.9719,-15.8594],[-47.9728,-15.8594],[-47.9733,-15.8587],[-47.975,-15.8588],[-47.9756,-15.8592],[-47.9767,-15.8583],[-47.9777,-15.8578],[-47.9777,-15.857],[-47.9793,-15.855],[-47.9793,-15.8538],[-47.9796,-15.8529],[-47.9809,-15.8519],[-47.9817,-15.8503],[-47.983,-15.8501],[-47.9844,-15.8506],[-47.9852,-15.8486],[-47.9857,-15.8478],[-47.9864,-15.8476],[-47.988,-15.8474],[-47.99,-15.8454],[-47.9898,-15.8441],[-47.9902,-15.8426],[-47.9899,-15.8413],[-47.9911,-15.8401],[-47.9918,-15.8392],[-47.9916,-15.8381],[-47.9919,-15.8371],[-47.9924,-15.8371],[-47.9931,-15.8356],[-47.9931,-15.8338],[-47.9936,-15.8326],[-47.9951,-15.8318],[-47.9953,-15.8309],[-47.9951,-15.8298],[-47.9956,-15.8296],[-47.9952,-15.828],[-47.9955,-15.8272],[-47.9964,-15.8267],[-47.9966,-15.8255],[-47.9959,-15.8241],[-47.9963,-15.8231],[-47.9974,-15.8226],[-48.0001,-15.8203],[-48.0004,-15.8181],[-48.0008,-15.8178],[-48.0018,-15.8182],[-48.0031,-15.8181],[-48.0038,-15.8191],[-48.0107,-15.8221],[-48.0112,-15.8212],[-48.0137,-15.8222],[-48.0116,-15.827],[-48.0086,-15.8337],[-48.0086,-15.8344],[-48.0078,-15.8354],[-48.0053,-15.8343],[-48.0036,-15.8381],[-48.0109,-15.8411],[-48.008,-15.8474],[-48.0076,-15.8473],[-48.0064,-15.8502],[-48.002,-15.8483],[-48.001,-15.847],[-47.9999,-15.8464],[-47.9988,-15.8487],[-48.0006,-15.8504],[-47.9961,-15.855],[-47.9965,-15.8554],[-47.9952,-15.8567],[-47.9946,-15.8566],[-47.9909,-15.8602],[-47.9906,-15.8599],[-47.9879,-15.8624],[-47.9883,-15.8628],[-47.9868,-15.8643],[-47.9865,-15.8648],[-47.9919,-15.8662],[-47.9914,-15.868],[-47.9918,-15.8685],[-47.9939,-15.869],[-47.9933,-15.8712],[-47.9934,-15.8719],[-47.9921,-15.8765],[-47.9852,-15.8759],[-47.983,-15.8754],[-47.979,-15.8734],[-47.9774,-15.8699],[-47.977,-15.8674],[-47.9773,-15.8662],[-47.9779,-15.8647],[-47.9774,-15.8643],[-47.975,-15.8666],[-47.9695,-15.8672],[-47.9692,-15.8649],[-47.965,-15.8653],[-47.9641,-15.8647],[-47.9635,-15.8653],[-47.9603,-15.8638]]]]},"properties":{"ra":"Park Way","ra_num":24}},
{"type":"Feature","geometry":{"type":"Polygon","coordinates":[[[-47.8358,-15.5983],[-47.8372,-15.5983],[-47.8377,-15.5987],[-47.8386,-15.5985],[-47.841,-15.5985],[-47.8418,-15.5971],[-47.8423,-15.5968],[-47.8429,-15.5956],[-47.8445,-15.5955],[-47.8449,-15.5963],[-47.8464,-15.5966],[-47.8472,-15.596],[-47.8481,-15.5962],[-47.8492,-15.5971],[-47.8501,-15.5965],[-47.8513,-15.5965],[-47.8517,-15.597],[-47.8543,-15.5979],[-47.8551,-15.5977],[-47.856,-15.5981],[-47.8564,-15.5976],[-47.8586,-15.6],[-47.858,-15.6009],[-47.8579,-15.6016],[-47.8591,-15.6025],[-47.8592,-15.6032],[-47.8605,-15.6022],[-47.8615,-15.6017],[-47.8628,-15.602],[-47.8622,-15.603],[-47.8621,-15.6043],[-47.8615,-15.6047],[-47.862,-15.6064],[-47.861,-15.609],[-47.8605,-15.6093],[-47.8604,-15.6105],[-47.8609,-15.6107],[-47.8614,-15.6119],[-47.8616,-15.6133],[-47.8621,-15.6133],[-47.8626,-15.6144],[-47.8647,-15.6166],[-47.8654,-15.6168],[-47.8659,-15.6181],[-47.8657,-15.6194],[-47.8663,-15.6202],[-47.8674,-15.6197],[-47.8683,-15.6185],[-47.8687,-15.6176],[-47.8691,-15.6138],[-47.8695,-15.6132],[-47.8703,-15.6131],[-47.872,-15.6143],[-47.8736,-15.6137],[-47.8748,-15.6142],[-47.8762,-15.6155],[-47.8764,-15.6163],[-47.8772,-15.6173],[-47.8783,-15.6167],[-47.8805,-15.6161],[-47.8817,-15.6165],[-47.8838,-15.6175],[-47.8861,-15.6161],[-47.8873,-15.6124],[-47.8885,-15.6105],[-47.8902,-15.609],[-47.8919,-15.6084],[-47.8922,-15.6076],[-47.8918,-15.6071],[-47.8921,-15.6062],[-47.8913,-15.6052],[-47.8915,-15.6039],[-47.8911,-15.6029],[-47.8904,-15.602],[-47.8903,-15.6011],[-47.8898,-15.6003],[-47.89,-15.5989],[-47.8893,-15.5985],[-47.8885,-15.5972],[-47.8882,-15.5963],[-47.8869,-15.5933],[-47.8858,-15.5934],[-47.885,-15.5931],[-47.8853,-15.5924],[-47.8862,-15.5923],[-47.889,-15.5933],[-47.8905,-15.5932],[-47.8956,-15.5903],[-47.897,-15.5906],[-47.9002,-15.5932],[-47.9011,-15.5937],[-47.9023,-15.5939],[-47.904,-15.5935],[-47.9135,-15.5912],[-47.9253,-15.5872],[-47.9274,-15.5859],[-47.9315,-15.5816],[-47.935,-15.5793],[-47.9364,-15.5779],[-47.9369,-15.5769],[-47.9379,-15.5737],[-47.939,-15.5732],[-47.943,-15.5746],[-47.9444,-15.5746],[-47.9467,-15.5733],[-47.9474,-15.5735],[-47.9484,-15.575],[-47.9502,-15.5756],[-47.9515,-15.575],[-47.9542,-15.5707],[-47.9545,-15.57],[-47.9556,-15.5664],[-47.9558,-15.5653],[-47.9554,-15.5644],[-47.9513,-15.5594],[-47.9508,-15.5586],[-47.9511,-15.5569],[-47.9521,-15.554],[-47.952,-15.5532],[-47.9507,-15.5517],[-47.9504,-15.5508],[-47.9507,-15.5503],[-47.9559,-15.5452],[-47.958,-15.5426],[-47.9596,-15.5413],[-47.963,-15.5395],[-47.9653,-15.5376],[-47.9656,-15.5372],[-47.9669,-15.5324],[-47.9675,-15.5315],[-47.9698,-15.5302],[-47.9703,-15.5297],[-47.9705,-15.5283],[-47.969,-15.5252],[-47.9694,-15.5241],[-47.9732,-15.5203],[-47.9735,-15.5192],[-47.9733,-15.5147],[-47.9735,-15.5126],[-47.974,-15.5108],[-47.974,-15.5074],[-47.9747,-15.5049],[-47.976,-15.5024],[-48.0348,-15.5024],[-48.0341,-15.504],[-48.0342,-15.505],[-48.0371,-15.5109],[-48.0394,-15.5166],[-48.0397,-15.5179],[-48.0398,-15.5191],[-48.0391,-15.5245],[-48.0387,-15.5259],[-48.0379,-15.5277],[-48.0355,-15.5312],[-48.0343,-15.5315],[-48.0328,-15.5307],[-48.0319,-15.5309],[-48.0319,-15.5317],[-48.0329,-15.5333],[-48.0362,-15.5364],[-48.0416,-15.5412],[-48.0426,-15.5425],[-48.0436,-15.5447],[-48.0439,-15.5466],[-48.0437,-15.5477],[-48.0431,-15.5492],[-48.0417,-15.5508],[-48.0361,-15.554],[-48.0349,-15.5551],[-48.0339,-15.557],[-48.0336,-15.5589],[-48.034,-15.5605],[-48.0353,-15.5633],[-48.0354,-15.5642],[-48.0347,-15.5657],[-48.0249,-15.573],[-48.0235,-15.5746],[-48.0218,-15.5766],[-48.017,-15.5824],[-48.0142,-15.5799],[-48.0127,-15.5791],[-48.0107,-15.5783],[-48.0093,-15.578],[-48.0074,-15.578],[-48.0061,-15.5781],[-48.0041,-15.5787],[-48.0018,-15.5801],[-47.9745,-15.6007],[-47.9705,-15.6037],[-47.9615,-15.6106],[-47.9566,-15.6143],[-47.9319,-15.6324],[-47.9232,-15.6388],[-47.912,-15.647],[-47.9001,-15.6557],[-47.8837,-15.6678],[-47.8831,-15.6683],[-47.8647,-15.6839],[-47.8609,-15.6873],[-47.8595,-15.6882],[-47.8553,-15.6874],[-47.854,-15.687],[-47.8299,-15.6793],[-47.8289,-15.6789],[-47.8266,-15.6776],[-47.8165,-15.6707],[-47.8126,-15.668],[-47.809,-15.6664],[-47.8108,-15.664],[-47.8123,-15.6629],[-47.8125,-15.6619],[-47.8123,-15.6612],[-47.8128,-15.6606],[-47.8129,-15.6597],[-47.8133,-15.6594],[-47.8146,-15.6574],[-47.8155,-15.6574],[-47.8174,-15.6538],[-47.8164,-15.6524],[-47.816,-15.6498],[-47.8146,-15.6483],[-47.8139,-15.6472],[-47.8128,-15.6462],[-47.8128,-15.6454],[-47.8119,-15.6446],[-47.8123,-15.6434],[-47.8197,-15.6413],[-47.8202,-15.641],[-47.8209,-15.6399],[-47.8219,-15.6369],[-47.8226,-15.6357],[-47.8229,-15.6346],[-47.8241,-15.6326],[-47.8247,-15.6307],[-47.8248,-15.6287],[-47.8248,-15.6265],[-47.8245,-15.6251],[-47.8236,-15.6235],[-47.8223,-15.6223],[-47.8202,-15.6215],[-47.8186,-15.6215],[-47.8171,-15.6218],[-47.816,-15.6215],[-47.8158,-15.6208],[-47.8185,-15.6157],[-47.8197,-15.6117],[-47.8204,-15.6109],[-47.8288,-15.6047],[-47.8303,-15.6028],[-47.8327,-15.6026],[-47.8333,-15.6028],[-47.8341,-15.6023],[-47.8341,-15.5998],[-47.8344,-15.5993],[-47.8358,-15.5983]]]},"properties":{"ra":"Sobradinho II","ra_num":26}},
{"type":"Feature","geometry":{"type":"Polygon","coordinates":[[[-47.7072,-15.8936],[-47.7068,-15.8916],[-47.7077,-15.8913],[-47.7093,-15.8919],[-47.7094,-15.891],[-47.7087,-15.8905],[-47.7083,-15.8893],[-47.7093,-15.8889],[-47.71,-15.8881],[-47.7114,-15.8884],[-47.7119,-15.8879],[-47.7116,-15.8865],[-47.711,-15.8861],[-47.7098,-15.8863],[-47.7093,-15.8856],[-47.7104,-15.8846],[-47.7103,-15.884],[-47.7094,-15.8838],[-47.7092,-15.8819],[-47.708,-15.8808],[-47.7076,-15.88],[-47.7086,-15.8773],[-47.7093,-15.8777],[-47.7098,-15.8774],[-47.7095,-15.8756],[-47.71,-15.8749],[-47.7109,-15.8759],[-47.7114,-15.876],[-47.7128,-15.8755],[-47.7146,-15.8768],[-47.7144,-15.878],[-47.7154,-15.878],[-47.7163,-15.8772],[-47.7167,-15.8777],[-47.7179,-15.8776],[-47.7183,-15.877],[-47.7195,-15.8774],[-47.7204,-15.8768],[-47.7209,-15.8759],[-47.7215,-15.8761],[-47.7233,-15.8748],[-47.7238,-15.8746],[-47.7245,-15.8755],[-47.7253,-15.8745],[-47.7265,-15.8746],[-47.7277,-15.8742],[-47.7284,-15.8746],[-47.7291,-15.874],[-47.7309,-15.8741],[-47.7309,-15.8731],[-47.732,-15.8735],[-47.7321,-15.8724],[-47.735,-15.872],[-47.7365,-15.872],[-47.7367,-15.871],[-47.7376,-15.8705],[-47.739,-15.8704],[-47.7398,-15.8706],[-47.7401,-15.87],[-47.7411,-15.8697],[-47.7419,-15.8672],[-47.7417,-15.8664],[-47.7427,-15.8654],[-47.7435,-15.8654],[-47.7431,-15.8639],[-47.7434,-15.8635],[-47.7434,-15.8621],[-47.7442,-15.8622],[-47.7448,-15.8613],[-47.7469,-15.8595],[-47.7474,-15.8581],[-47.7466,-15.8566],[-47.746,-15.8542],[-47.7456,-15.8536],[-47.7467,-15.8534],[-47.7467,-15.8522],[-47.7483,-15.8525],[-47.7485,-15.8509],[-47.7494,-15.8504],[-47.7498,-15.8495],[-47.7507,-15.8485],[-47.7522,-15.8478],[-47.7522,-15.8469],[-47.7536,-15.846],[-47.754,-15.8452],[-47.7547,-15.845],[-47.755,-15.8442],[-47.7561,-15.8432],[-47.7571,-15.8432],[-47.7583,-15.842],[-47.7594,-15.8419],[-47.7601,-15.8407],[-47.7615,-15.8405],[-47.7626,-15.8395],[-47.7633,-15.8393],[-47.7643,-15.8386],[-47.7657,-15.8384],[-47.7664,-15.8378],[-47.769,-15.8365],[-47.7702,-15.8355],[-47.7711,-15.8351],[-47.7718,-15.8344],[-47.7723,-15.8326],[-47.7724,-15.8315],[-47.7712,-15.8281],[-47.7706,-15.8268],[-47.7717,-15.8265],[-47.7723,-15.8258],[-47.7733,-15.8239],[-47.7729,-15.823],[-47.773,-15.8219],[-47.7695,-15.8221],[-47.7689,-15.8212],[-47.7682,-15.8211],[-47.7674,-15.8198],[-47.774,-15.8181],[-47.7755,-15.8175],[-47.7819,-15.8157],[-47.7789,-15.8145],[-47.7774,-15.8136],[-47.7756,-15.8117],[-47.7727,-15.8083],[-47.7711,-15.8068],[-47.7706,-15.8057],[-47.7708,-15.8046],[-47.7719,-15.8015],[-47.7731,-15.7979],[-47.7739,-15.7966],[-47.7747,-15.7959],[-47.7758,-15.7958],[-47.7765,-15.7962],[-47.7765,-15.7978],[-47.7761,-15.7982],[-47.7763,-15.7993],[-47.7771,-15.7995],[-47.7781,-15.7992],[-47.7813,-15.7991],[-47.7839,-15.7979],[-47.7859,-15.8022],[-47.7866,-15.8056],[-47.7884,-15.8096],[-47.7929,-15.8181],[-47.7937,-15.8201],[-47.7948,-15.8223],[-47.796,-15.8245],[-47.7979,-15.827],[-47.8124,-15.8458],[-47.8139,-15.8475],[-47.8156,-15.8501],[-47.8165,-15.8521],[-47.8198,-15.8629],[-47.8205,-15.864],[-47.8209,-15.8639],[-47.8307,-15.8593],[-47.843,-15.8662],[-47.8451,-15.8628],[-47.8429,-15.8616],[-47.8506,-15.8572],[-47.8536,-15.8566],[-47.8556,-15.8585],[-47.8563,-15.8588],[-47.8552,-15.8605],[-47.8539,-15.8641],[-47.8531,-15.8645],[-47.8512,-15.8687],[-47.857,-15.8712],[-47.8561,-15.8732],[-47.8702,-15.8802],[-47.8801,-15.8849],[-47.8937,-15.9007],[-47.8826,-15.9133],[-47.8836,-15.9137],[-47.8861,-15.9129],[-47.887,-15.9121],[-47.8885,-15.9113],[-47.8898,-15.9111],[-47.8905,-15.9114],[-47.8936,-15.9117],[-47.8946,-15.9117],[-47.8961,-15.9113],[-47.8985,-15.9121],[-47.9009,-15.9118],[-47.9018,-15.9113],[-47.9024,-15.9118],[-47.903,-15.9114],[-47.9035,-15.912],[-47.9043,-15.9121],[-47.9058,-15.9118],[-47.9074,-15.9126],[-47.9078,-15.9125],[-47.9079,-15.9131],[-47.907,-15.9145],[-47.9069,-15.9152],[-47.9061,-15.9155],[-47.9059,-15.9166],[-47.9067,-15.9185],[-47.9066,-15.9191],[-47.9069,-15.9218],[-47.9063,-15.923],[-47.9063,-15.9238],[-47.9056,-15.9255],[-47.9045,-15.9269],[-47.9042,-15.9283],[-47.9034,-15.9296],[-47.9027,-15.9302],[-47.9027,-15.9308],[-47.9017,-15.9324],[-47.9011,-15.9329],[-47.9005,-15.9341],[-47.8997,-15.9342],[-47.8987,-15.9352],[-47.8981,-15.9372],[-47.8981,-15.9387],[-47.8973,-15.9409],[-47.8963,-15.9424],[-47.8967,-15.9444],[-47.896,-15.9455],[-47.8958,-15.9464],[-47.894,-15.9475],[-47.893,-15.9488],[-47.8921,-15.9489],[-47.8913,-15.95],[-47.8908,-15.9509],[-47.8897,-15.9516],[-47.8888,-15.9531],[-47.8881,-15.9558],[-47.8874,-15.957],[-47.8873,-15.9578],[-47.8877,-15.959],[-47.8874,-15.9608],[-47.8875,-15.9675],[-47.8924,-15.9693],[-47.8915,-15.9713],[-47.8902,-15.9711],[-47.8901,-15.9717],[-47.8893,-15.9721],[-47.8894,-15.9728],[-47.8886,-15.975],[-47.8879,-15.9755],[-47.8875,-15.9767],[-47.8854,-15.9771],[-47.8847,-15.9778],[-47.8846,-15.9788],[-47.884,-15.9805],[-47.883,-15.9827],[-47.8824,-15.9834],[-47.8817,-15.9847],[-47.881,-15.9864],[-47.8809,-15.9874],[-47.8804,-15.9885],[-47.8803,-15.9906],[-47.8791,-15.9923],[-47.8785,-15.9936],[-47.878,-15.9952],[-47.8779,-15.9968],[-47.8783,-15.9982],[-47.8785,-15.9998],[-47.8781,-16.0013],[-47.8772,-16.0032],[-47.8761,-16.0054],[-47.8755,-16.0077],[-47.8738,-16.0108],[-47.8726,-16.0109],[-47.8722,-16.0112],[-47.8715,-16.0124],[-47.8705,-16.0128],[-47.8713,-16.0137],[-47.872,-16.0139],[-47.8733,-16.0147],[-47.875,-16.0153],[-47.8757,-16.0167],[-47.8767,-16.0177],[-47.877,-16.0185],[-47.8771,-16.0208],[-47.876,-16.0223],[-47.8749,-16.0249],[-47.8749,-16.0272],[-47.8735,-16.0286],[-47.8726,-16.0307],[-47.8726,-16.0317],[-47.8716,-16.0321],[-47.8709,-16.0332],[-47.8707,-16.0344],[-47.8697,-16.0349],[-47.8692,-16.0364],[-47.8685,-16.0374],[-47.8693,-16.038],[-47.8706,-16.0379],[-47.8726,-16.0386],[-47.873,-16.0394],[-47.8738,-16.0389],[-47.8757,-16.0393],[-47.8765,-16.0404],[-47.8772,-16.0406],[-47.8789,-16.0416],[-47.8792,-16.043],[-47.8808,-16.0442],[-47.881,-16.0452],[-47.8817,-16.0461],[-47.8827,-16.0468],[-47.8844,-16.0467],[-47.8856,-16.0475],[-47.8877,-16.0492],[-47.8885,-16.0503],[-47.8152,-16.0503],[-47.7212,-16.0504],[-47.7219,-16.0465],[-47.7226,-16.0439],[-47.7249,-16.042],[-47.7268,-16.0407],[-47.7276,-16.0405],[-47.7274,-16.0356],[-47.7304,-16.031],[-47.7313,-16.0308],[-47.7317,-16.0302],[-47.7327,-16.0307],[-47.7335,-16.0316],[-47.7343,-16.0318],[-47.7607,-16.0306],[-47.7599,-16.0295],[-47.7595,-16.0281],[-47.7607,-16.0248],[-47.762,-16.0229],[-47.7635,-16.0218],[-47.7644,-16.0203],[-47.7645,-16.0184],[-47.764,-16.0172],[-47.763,-16.0154],[-47.7624,-16.0141],[-47.7627,-16.0114],[-47.7625,-16.0097],[-47.7632,-16.0087],[-47.766,-16.0067],[-47.7664,-16.0059],[-47.7677,-16.0044],[-47.7692,-16.0011],[-47.7718,-15.998],[-47.7795,-15.9896],[-47.7797,-15.989],[-47.7793,-15.9879],[-47.7782,-15.986],[-47.7786,-15.9849],[-47.7759,-15.9837],[-47.775,-15.983],[-47.7731,-15.9835],[-47.7719,-15.9829],[-47.7699,-15.9815],[-47.7687,-15.9811],[-47.7676,-15.9796],[-47.7652,-15.9792],[-47.7645,-15.9778],[-47.7631,-15.9757],[-47.762,-15.9749],[-47.7611,-15.9736],[-47.76,-15.9729],[-47.7604,-15.9724],[-47.7617,-15.9724],[-47.7618,-15.9718],[-47.7637,-15.9702],[-47.7639,-15.9697],[-47.765,-15.9692],[-47.7664,-15.9693],[-47.7667,-15.9689],[-47.7685,-15.9684],[-47.7694,-15.9674],[-47.7703,-15.9674],[-47.7707,-15.9667],[-47.7714,-15.9667],[-47.772,-15.966],[-47.7734,-15.9655],[-47.7754,-15.9654],[-47.7769,-15.9645],[-47.7788,-15.9643],[-47.7797,-15.9639],[-47.7802,-15.9641],[-47.7815,-15.9636],[-47.7824,-15.9629],[-47.7849,-15.9625],[-47.7857,-15.9621],[-47.7875,-15.962],[-47.7896,-15.9608],[-47.7903,-15.9598],[-47.7915,-15.9597],[-47.7927,-15.9581],[-47.794,-15.9571],[-47.7933,-15.9561],[-47.7933,-15.955],[-47.7937,-15.9547],[-47.7938,-15.9536],[-47.7947,-15.9521],[-47.7952,-15.9519],[-47.7955,-15.9511],[-47.7966,-15.9502],[-47.7973,-15.9493],[-47.7976,-15.9485],[-47.799,-15.9476],[-47.7994,-15.9468],[-47.8003,-15.9465],[-47.8007,-15.9457],[-47.8015,-15.9451],[-47.8024,-15.9433],[-47.8042,-15.9415],[-47.805,-15.9414],[-47.8055,-15.9407],[-47.8056,-15.9399],[-47.8075,-15.9388],[-47.8063,-15.9359],[-47.8048,-15.9326],[-47.805,-15.932],[-47.8045,-15.9313],[-47.804,-15.9313],[-47.8024,-15.9305],[-47.8019,-15.9296],[-47.8011,-15.9294],[-47.8,-15.9284],[-47.7983,-15.9277],[-47.7973,-15.9277],[-47.7957,-15.9268],[-47.7922,-15.9264],[-47.7914,-15.926],[-47.7894,-15.9258],[-47.7885,-15.9253],[-47.7873,-15.9249],[-47.7864,-15.9251],[-47.7854,-15.9247],[-47.7814,-15.9239],[-47.7802,-15.9236],[-47.7783,-15.9227],[-47.7774,-15.9204],[-47.7773,-15.9196],[-47.7765,-15.9177],[-47.7767,-15.917],[-47.7761,-15.9163],[-47.7754,-15.916],[-47.7752,-15.9148],[-47.7744,-15.914],[-47.7735,-15.9138],[-47.7725,-15.9127],[-47.773,-15.9124],[-47.7745,-15.9132],[-47.7763,-15.9133],[-47.7774,-15.9129],[-47.7807,-15.9135],[-47.7824,-15.9126],[-47.7827,-15.9115],[-47.7834,-15.9101],[-47.7841,-15.9096],[-47.7846,-15.9084],[-47.7865,-15.9072],[-47.7875,-15.907],[-47.7885,-15.9065],[-47.79,-15.9063],[-47.7904,-15.9039],[-47.792,-15.9032],[-47.7926,-15.9026],[-47.7938,-15.9022],[-47.7943,-15.9007],[-47.793,-15.8977],[-47.7944,-15.8971],[-47.794,-15.895],[-47.7929,-15.8937],[-47.7928,-15.8932],[-47.7954,-15.8917],[-47.7938,-15.8906],[-47.7945,-15.8896],[-47.7953,-15.8889],[-47.7954,-15.8877],[-47.7951,-15.8869],[-47.7962,-15.8863],[-47.7965,-15.8856],[-47.796,-15.883],[-47.7951,-15.8819],[-47.7956,-15.881],[-47.7953,-15.8803],[-47.7956,-15.8794],[-47.7979,-15.881],[-47.8021,-15.8812],[-47.8015,-15.8797],[-47.8,-15.8791],[-47.799,-15.8775],[-47.7985,-15.8774],[-47.7968,-15.8757],[-47.7952,-15.8755],[-47.7948,-15.8751],[-47.7932,-15.875],[-47.7901,-15.8752],[-47.7874,-15.8766],[-47.7861,-15.8778],[-47.7862,-15.8781],[-47.7849,-15.8793],[-47.7813,-15.8809],[-47.7802,-15.8817],[-47.7784,-15.882],[-47.7784,-15.8828],[-47.7773,-15.8847],[-47.7767,-15.885],[-47.7755,-15.8851],[-47.7741,-15.8855],[-47.7735,-15.8863],[-47.7729,-15.8881],[-47.7714,-15.8896],[-47.7709,-15.8905],[-47.771,-15.8913],[-47.7685,-15.8931],[-47.7681,-15.8936],[-47.768,-15.8951],[-47.7671,-15.8961],[-47.7669,-15.8968],[-47.7648,-15.8982],[-47.765,-15.8987],[-47.7645,-15.8996],[-47.7632,-15.9004],[-47.7621,-15.9024],[-47.7613,-15.903],[-47.7599,-15.9015],[-47.759,-15.9011],[-47.7574,-15.9025],[-47.7559,-15.9027],[-47.7547,-15.9026],[-47.7544,-15.903],[-47.7522,-15.9023],[-47.7518,-15.9017],[-47.7503,-15.9016],[-47.7488,-15.9013],[-47.7468,-15.9015],[-47.7464,-15.9008],[-47.7454,-15.9005],[-47.7445,-15.9005],[-47.7431,-15.8995],[-47.7417,-15.8998],[-47.742,-15.8989],[-47.7401,-15.8985],[-47.7383,-15.8984],[-47.7376,-15.8991],[-47.7364,-15.8992],[-47.7359,-15.8987],[-47.7345,-15.8983],[-47.734,-15.8986],[-47.7329,-15.8982],[-47.7317,-15.8973],[-47.7308,-15.8961],[-47.7301,-15.8959],[-47.7289,-15.8947],[-47.7283,-15.8935],[-47.7275,-15.8929],[-47.7268,-15.8928],[-47.7263,-15.8922],[-47.7255,-15.8924],[-47.7247,-15.892],[-47.7235,-15.891],[-47.7211,-15.8915],[-47.7202,-15.8912],[-47.7191,-15.8919],[-47.7178,-15.8923],[-47.7171,-15.8921],[-47.7148,-15.8922],[-47.7142,-15.8926],[-47.7141,-15.8943],[-47.7134,-15.8931],[-47.7124,-15.8926],[-47.7104,-15.8939],[-47.7093,-15.8939],[-47.7096,-15.8932],[-47.7087,-15.8931],[-47.7076,-15.8937],[-47.7072,-15.8936]]]},"properties":{"ra":"Jardim Botânico","ra_num":27}},
{"type":"Feature","geometry":{"type":"Polygon","coordinates":[[[-48.0503,-15.8319],[-48.0371,-15.8301],[-48.0355,-15.8297],[-48.034,-15.8291],[-48.0177,-15.8194],[-48.0151,-15.8182],[-48.011,-15.8167],[-48.0049,-15.8146],[-47.9959,-15.8113],[-47.9949,-15.811],[-47.9929,-15.811],[-47.9921,-15.8061],[-47.9912,-15.7995],[-47.9909,-15.7957],[-47.9898,-15.7873],[-47.9939,-15.7865],[-47.9973,-15.7862],[-47.9998,-15.7861],[-48.003,-15.7862],[-48.003,-15.7858],[-48.0042,-15.7843],[-48.004,-15.7838],[-48.0049,-15.7813],[-48.0055,-15.7806],[-48.0061,-15.7783],[-48.0061,-15.7763],[-48.0066,-15.7761],[-48.0065,-15.7748],[-48.0067,-15.7735],[-48.0064,-15.7729],[-48.0062,-15.7701],[-48.0067,-15.7694],[-48.0068,-15.7684],[-48.0066,-15.7662],[-48.0073,-15.7649],[-48.0071,-15.7624],[-48.0066,-15.7617],[-48.0068,-15.7611],[-48.0062,-15.7592],[-48.0054,-15.759],[-48.0051,-15.7583],[-48.0047,-15.7548],[-48.0069,-15.7539],[-48.0114,-15.7528],[-48.0172,-15.7516],[-48.0369,-15.753],[-48.0476,-15.7537],[-48.0466,-15.7562],[-48.046,-15.7581],[-48.0453,-15.7612],[-48.0449,-15.7651],[-48.0449,-15.7675],[-48.0451,-15.7699],[-48.0455,-15.7724],[-48.046,-15.7744],[-48.0468,-15.7767],[-48.0514,-15.7872],[-48.0518,-15.7883],[-48.0535,-15.7922],[-48.0515,-15.7919],[-48.0523,-15.7928],[-48.0536,-15.7975],[-48.0544,-15.7989],[-48.0556,-15.8033],[-48.0562,-15.8042],[-48.0563,-15.8057],[-48.0543,-15.8071],[-48.0563,-15.8081],[-48.055,-15.8114],[-48.0548,-15.8123],[-48.0549,-15.8142],[-48.0543,-15.8142],[-48.0539,-15.8171],[-48.0524,-15.8235],[-48.0515,-15.8258],[-48.0539,-15.827],[-48.053,-15.8289],[-48.0514,-15.83],[-48.0503,-15.8319]]]},"properties":{"ra":"Vicente Pires","ra_num":30}},
{"type":"Feature","geometry":{"type":"Polygon","coordinates":[[[-47.9385,-15.7773],[-47.937,-15.773],[-47.9363,-15.7712],[-47.934,-15.7676],[-47.9265,-15.7555],[-47.917,-15.7402],[-47.9173,-15.74],[-47.9195,-15.74],[-47.9212,-15.7426],[-47.9211,-15.7442],[-47.9279,-15.7402],[-47.9423,-15.7479],[-47.949,-15.7478],[-47.9633,-15.7489],[-47.9696,-15.7526],[-47.9728,-15.7558],[-47.9761,-15.7632],[-47.9763,-15.7642],[-47.9758,-15.766],[-47.9756,-15.772],[-47.9712,-15.7766],[-47.9773,-15.7821],[-47.9765,-15.7825],[-47.9697,-15.7898],[-47.9661,-15.7938],[-47.9661,-15.7943],[-47.968,-15.7945],[-47.9702,-15.7955],[-47.972,-15.7949],[-47.9783,-15.7914],[-47.9819,-15.7897],[-47.9864,-15.7881],[-47.9898,-15.7873],[-47.9909,-15.7957],[-47.9912,-15.7995],[-47.9921,-15.8061],[-47.9913,-15.8062],[-47.9907,-15.8046],[-47.9901,-15.8042],[-47.9885,-15.8037],[-47.9865,-15.802],[-47.9855,-15.8014],[-47.982,-15.7996],[-47.9814,-15.8009],[-47.9803,-15.8011],[-47.9796,-15.8025],[-47.9718,-15.8038],[-47.9718,-15.8047],[-47.9703,-15.8049],[-47.9707,-15.8075],[-47.9705,-15.8081],[-47.9689,-15.8074],[-47.9668,-15.8074],[-47.9521,-15.8096],[-47.9484,-15.8102],[-47.9479,-15.8063],[-47.9474,-15.8038],[-47.9462,-15.8002],[-47.9412,-15.7851],[-47.9385,-15.7773]]]},"properties":{"ra":"SIA","ra_num":29}},
{"type":"Feature","geometry":{"type":"Polygon","coordinates":[[[-48.0008,-15.8178],[-48.0014,-15.8173],[-48.0041,-15.8158],[-48.0049,-15.8146],[-48.011,-15.8167],[-48.0151,-15.8182],[-48.0177,-15.8194],[-48.034,-15.8291],[-48.0355,-15.8297],[-48.0371,-15.8301],[-48.0503,-15.8319],[-48.0498,-15.8329],[-48.0494,-15.8348],[-48.0489,-15.8358],[-48.0456,-15.8342],[-48.0368,-15.8505],[-48.0331,-15.849],[-48.033,-15.8495],[-48.0265,-15.8468],[-48.0219,-15.845],[-48.0167,-15.8428],[-48.0154,-15.8424],[-48.0122,-15.8416],[-48.0109,-15.8411],[-48.0036,-15.8381],[-48.0053,-15.8343],[-48.0078,-15.8354],[-48.0086,-15.8344],[-48.0086,-15.8337],[-48.0116,-15.827],[-48.0137,-15.8222],[-48.0112,-15.8212],[-48.0107,-15.8221],[-48.0038,-15.8191],[-48.0031,-15.8181],[-48.0018,-15.8182],[-48.0008,-15.8178]]]},"properties":{"ra":"Águas Claras","ra_num":20}},
{"type":"Feature","geometry":{"type":"Polygon","coordinates":[[[-48.1119,-15.7704],[-48.1142,-15.7715],[-48.1166,-15.771],[-48.117,-15.7712],[-48.1188,-15.7707],[-48.1202,-15.7711],[-48.1211,-15.77],[-48.1223,-15.7699],[-48.1234,-15.7696],[-48.1236,-15.77],[-48.1249,-15.7698],[-48.1252,-15.7691],[-48.1263,-15.7692],[-48.1268,-15.7698],[-48.1281,-15.7695],[-48.1302,-15.771],[-48.1315,-15.7714],[-48.1326,-15.7698],[-48.1337,-15.7698],[-48.1343,-15.7693],[-48.1346,-15.768],[-48.1356,-15.7678],[-48.1359,-15.7682],[-48.1375,-15.7677],[-48.1382,-15.7682],[-48.1404,-15.7678],[-48.1418,-15.7677],[-48.1428,-15.7683],[-48.1438,-15.7681],[-48.1453,-15.7688],[-48.1472,-15.7686],[-48.1484,-15.769],[-48.1497,-15.7687],[-48.1509,-15.768],[-48.1517,-15.7681],[-48.1534,-15.7678],[-48.1545,-15.7678],[-48.1565,-15.7673],[-48.1571,-15.7675],[-48.1583,-15.767],[-48.158,-15.7663],[-48.1584,-15.7653],[-48.1579,-15.7639],[-48.1589,-15.7637],[-48.1592,-15.763],[-48.159,-15.7621],[-48.1611,-15.7596],[-48.1613,-15.7591],[-48.163,-15.7576],[-48.1634,-15.7568],[-48.1647,-15.7564],[-48.1654,-15.7555],[-48.1659,-15.7555],[-48.1667,-15.7547],[-48.1674,-15.7533],[-48.1683,-15.7531],[-48.1699,-15.7524],[-48.1709,-15.7515],[-48.1724,-15.7507],[-48.1737,-15.7508],[-48.1743,-15.7526],[-48.1751,-15.7527],[-48.1759,-15.7518],[-48.1776,-15.7507],[-48.182,-15.748],[-48.1853,-15.7465],[-48.1864,-15.7462],[-48.1888,-15.7467],[-48.1895,-15.7472],[-48.1933,-15.7486],[-48.1967,-15.7494],[-48.2034,-15.7504],[-48.2056,-15.7503],[-48.2067,-15.7551],[-48.2127,-15.7632],[-48.2135,-15.7667],[-48.2161,-15.7689],[-48.2282,-15.777],[-48.231,-15.778],[-48.232,-15.7785],[-48.2324,-15.7799],[-48.2331,-15.781],[-48.2323,-15.7836],[-48.2332,-15.7844],[-48.235,-15.7847],[-48.2356,-15.785],[-48.2366,-15.7849],[-48.2375,-15.7854],[-48.2379,-15.7866],[-48.2369,-15.7889],[-48.2377,-15.7912],[-48.2386,-15.7928],[-48.2399,-15.7939],[-48.2405,-15.7939],[-48.2411,-15.7931],[-48.241,-15.796],[-48.2404,-15.7978],[-48.2404,-15.7984],[-48.2413,-15.7995],[-48.2425,-15.7992],[-48.2428,-15.7974],[-48.244,-15.7973],[-48.2446,-15.7969],[-48.2454,-15.7977],[-48.2463,-15.7971],[-48.2468,-15.7978],[-48.2459,-15.7993],[-48.2467,-15.7994],[-48.2475,-15.7987],[-48.2488,-15.7987],[-48.2491,-15.7996],[-48.2481,-15.8007],[-48.2486,-15.8024],[-48.2494,-15.8018],[-48.2488,-15.8014],[-48.2491,-15.8007],[-48.2499,-15.8011],[-48.2504,-15.8021],[-48.2515,-15.802],[-48.2525,-15.8022],[-48.2536,-15.8019],[-48.2551,-15.8021],[-48.2567,-15.8018],[-48.2575,-15.803],[-48.2591,-15.8029],[-48.2592,-15.8035],[-48.2606,-15.8051],[-48.2612,-15.8056],[-48.2612,-15.8065],[-48.2621,-15.8064],[-48.2633,-15.8068],[-48.2641,-15.8067],[-48.2645,-15.8078],[-48.2645,-15.8086],[-48.2652,-15.8087],[-48.2661,-15.8073],[-48.2668,-15.8073],[-48.2663,-15.8093],[-48.2669,-15.8093],[-48.2671,-15.8082],[-48.2679,-15.8085],[-48.2682,-15.8099],[-48.2678,-15.8119],[-48.2682,-15.8129],[-48.2697,-15.812],[-48.2697,-15.8128],[-48.2702,-15.8135],[-48.271,-15.8128],[-48.2713,-15.8147],[-48.2718,-15.8154],[-48.2742,-15.8168],[-48.275,-15.8169],[-48.2755,-15.8177],[-48.2765,-15.8182],[-48.2765,-15.8193],[-48.2771,-15.8197],[-48.2772,-15.8204],[-48.2787,-15.8223],[-48.2804,-15.8235],[-48.2808,-15.8252],[-48.2805,-15.8257],[-48.2816,-15.8271],[-48.2809,-15.828],[-48.2813,-15.8287],[-48.2818,-15.8307],[-48.2818,-15.8316],[-48.2825,-15.8334],[-48.2839,-15.8346],[-48.2851,-15.8369],[-48.2846,-15.8378],[-48.2852,-15.8399],[-48.2849,-15.8406],[-48.2837,-15.8414],[-48.2833,-15.8421],[-48.2844,-15.8427],[-48.2854,-15.8429],[-48.2859,-15.8444],[-48.285,-15.8448],[-48.2852,-15.8466],[-48.2844,-15.8468],[-48.284,-15.8486],[-48.284,-15.8499],[-48.2831,-15.8507],[-48.2824,-15.8529],[-48.2827,-15.8536],[-48.2842,-15.8532],[-48.2841,-15.8542],[-48.2824,-15.8547],[-48.2832,-15.856],[-48.2822,-15.8557],[-48.2814,-15.8574],[-48.2806,-15.8569],[-48.2803,-15.8579],[-48.2805,-15.8584],[-48.2815,-15.8585],[-48.2812,-15.8592],[-48.2807,-15.8613],[-48.2803,-15.8605],[-48.2793,-15.86],[-48.2789,-15.8619],[-48.2801,-15.8625],[-48.2791,-15.8633],[-48.2792,-15.8647],[-48.2804,-15.8659],[-48.2805,-15.8669],[-48.2791,-15.8673],[-48.2801,-15.8683],[-48.2795,-15.8688],[-48.2781,-15.8686],[-48.2766,-15.8693],[-48.276,-15.8699],[-48.2759,-15.8705],[-48.2773,-15.8716],[-48.2783,-15.8716],[-48.2776,-15.8726],[-48.277,-15.8759],[-48.2763,-15.8759],[-48.2751,-15.8763],[-48.2749,-15.8768],[-48.2757,-15.8779],[-48.2756,-15.8803],[-48.2749,-15.8805],[-48.2751,-15.8792],[-48.274,-15.8791],[-48.2733,-15.8821],[-48.2717,-15.8832],[-48.2717,-15.8841],[-48.2724,-15.8855],[-48.2731,-15.8859],[-48.2733,-15.8872],[-48.2739,-15.8877],[-48.2737,-15.8884],[-48.2741,-15.8893],[-48.2738,-15.8903],[-48.2748,-15.8903],[-48.2753,-15.8907],[-48.2757,-15.8919],[-48.2764,-15.8925],[-48.2753,-15.8937],[-48.2736,-15.8942],[-48.2729,-15.8956],[-48.2741,-15.8953],[-48.2755,-15.8957],[-48.2754,-15.8962],[-48.2761,-15.8969],[-48.2759,-15.8974],[-48.2742,-15.8976],[-48.2738,-15.8986],[-48.2739,-15.8995],[-48.2747,-15.9],[-48.276,-15.8993],[-48.2767,-15.9],[-48.2758,-15.9017],[-48.2762,-15.9031],[-48.2745,-15.903],[-48.2742,-15.9033],[-48.2744,-15.9045],[-48.2751,-15.9056],[-48.2764,-15.9061],[-48.2771,-15.907],[-48.2763,-15.9071],[-48.2748,-15.9078],[-48.2749,-15.9088],[-48.2743,-15.9097],[-48.2723,-15.9107],[-48.271,-15.9108],[-48.2704,-15.9104],[-48.2697,-15.9114],[-48.2704,-15.912],[-48.2693,-15.9131],[-48.2701,-15.9136],[-48.2707,-15.9161],[-48.2703,-15.917],[-48.2709,-15.9174],[-48.2708,-15.9187],[-48.27,-15.9195],[-48.2708,-15.92],[-48.2718,-15.9202],[-48.2729,-15.9199],[-48.2731,-15.9203],[-48.2716,-15.9213],[-48.2724,-15.9222],[-48.2742,-15.9224],[-48.2749,-15.922],[-48.2754,-15.9229],[-48.2761,-15.9254],[-48.2768,-15.9259],[-48.2763,-15.9268],[-48.2752,-15.9271],[-48.2747,-15.9276],[-48.2749,-15.9289],[-48.2756,-15.9304],[-48.2764,-15.9311],[-48.2758,-15.9316],[-48.2745,-15.9311],[-48.2739,-15.9311],[-48.2713,-15.932],[-48.2703,-15.9317],[-48.2689,-15.9321],[-48.2682,-15.9331],[-48.2653,-15.9317],[-48.265,-15.9314],[-48.2642,-15.9292],[-48.2642,-15.9285],[-48.2622,-15.9285],[-48.2615,-15.9279],[-48.2613,-15.9288],[-48.2605,-15.9293],[-48.2592,-15.9292],[-48.259,-15.9285],[-48.2587,-15.9256],[-48.2583,-15.9249],[-48.2588,-15.9243],[-48.2585,-15.9234],[-48.2595,-15.9218],[-48.2593,-15.921],[-48.2583,-15.9201],[-48.2577,-15.9179],[-48.2562,-15.9178],[-48.2556,-15.9173],[-48.2541,-15.9171],[-48.2542,-15.9162],[-48.2551,-15.9162],[-48.2552,-15.9155],[-48.2544,-15.9149],[-48.255,-15.9139],[-48.2548,-15.9134],[-48.2555,-15.9125],[-48.2549,-15.9116],[-48.2525,-15.9106],[-48.2527,-15.9101],[-48.2516,-15.909],[-48.2505,-15.9086],[-48.2493,-15.9088],[-48.2487,-15.9085],[-48.2481,-15.9095],[-48.2468,-15.9083],[-48.2466,-15.9075],[-48.246,-15.907],[-48.2443,-15.9063],[-48.2431,-15.905],[-48.2424,-15.9047],[-48.2416,-15.9049],[-48.2406,-15.9045],[-48.2397,-15.9032],[-48.2385,-15.9038],[-48.238,-15.9036],[-48.2368,-15.9036],[-48.2358,-15.9028],[-48.2369,-15.9016],[-48.237,-15.9009],[-48.2364,-15.9001],[-48.2356,-15.8999],[-48.235,-15.899],[-48.2347,-15.9007],[-48.2333,-15.9004],[-48.2309,-15.901],[-48.2302,-15.9017],[-48.2285,-15.9018],[-48.228,-15.9011],[-48.2287,-15.9008],[-48.2288,-15.9002],[-48.2263,-15.9],[-48.2264,-15.901],[-48.2247,-15.9013],[-48.2248,-15.9022],[-48.2241,-15.9025],[-48.2234,-15.9021],[-48.2232,-15.9007],[-48.2223,-15.9004],[-48.2214,-15.9011],[-48.2204,-15.9005],[-48.2201,-15.8997],[-48.2205,-15.8989],[-48.2198,-15.8978],[-48.2185,-15.899],[-48.2182,-15.8977],[-48.215,-15.8972],[-48.2131,-15.8976],[-48.2125,-15.8971],[-48.2126,-15.8965],[-48.2118,-15.8956],[-48.2106,-15.8962],[-48.2104,-15.897],[-48.2093,-15.8957],[-48.2085,-15.8957],[-48.2077,-15.8946],[-48.2083,-15.8932],[-48.2072,-15.8933],[-48.2068,-15.8937],[-48.2058,-15.8926],[-48.2058,-15.8914],[-48.2046,-15.8914],[-48.2037,-15.8916],[-48.2022,-15.8914],[-48.2024,-15.8905],[-48.2018,-15.8893],[-48.2006,-15.8886],[-48.2002,-15.8878],[-48.2007,-15.8872],[-48.2007,-15.8854],[-48.2001,-15.885],[-48.2003,-15.8843],[-48.1988,-15.8828],[-48.1979,-15.8832],[-48.1978,-15.8808],[-48.197,-15.8802],[-48.1969,-15.8795],[-48.1961,-15.879],[-48.1961,-15.8775],[-48.1948,-15.8763],[-48.1949,-15.8752],[-48.1937,-15.8744],[-48.1926,-15.8732],[-48.1922,-15.8725],[-48.1927,-15.8719],[-48.1921,-15.8713],[-48.1908,-15.8716],[-48.1903,-15.8711],[-48.1896,-15.8711],[-48.1894,-15.8704],[-48.1887,-15.8699],[-48.1887,-15.8693],[-48.1876,-15.8691],[-48.1871,-15.8685],[-48.1847,-15.8665],[-48.1838,-15.8647],[-48.1838,-15.8642],[-48.1832,-15.8633],[-48.1833,-15.8625],[-48.183,-15.8617],[-48.182,-15.8605],[-48.1794,-15.8617],[-48.178,-15.8621],[-48.1777,-15.8614],[-48.1782,-15.8608],[-48.1773,-15.8586],[-48.1768,-15.8573],[-48.1758,-15.8575],[-48.1754,-15.8571],[-48.1755,-15.8564],[-48.1764,-15.8559],[-48.1764,-15.8551],[-48.1771,-15.8519],[-48.1768,-15.8515],[-48.1777,-15.8496],[-48.1777,-15.8488],[-48.1787,-15.8474],[-48.1798,-15.8468],[-48.1802,-15.8462],[-48.1814,-15.8457],[-48.183,-15.8456],[-48.1841,-15.845],[-48.1842,-15.8444],[-48.1852,-15.845],[-48.1862,-15.8441],[-48.1865,-15.8433],[-48.1861,-15.8424],[-48.1863,-15.8412],[-48.187,-15.8398],[-48.1888,-15.8384],[-48.1892,-15.8373],[-48.1899,-15.8365],[-48.1902,-15.8356],[-48.1891,-15.8348],[-48.1886,-15.8333],[-48.1887,-15.8321],[-48.188,-15.8316],[-48.1882,-15.8309],[-48.187,-15.829],[-48.1867,-15.8277],[-48.186,-15.8269],[-48.1858,-15.8262],[-48.185,-15.8256],[-48.1847,-15.8247],[-48.1839,-15.8241],[-48.1832,-15.8226],[-48.1844,-15.821],[-48.1847,-15.8202],[-48.1846,-15.8193],[-48.1852,-15.8179],[-48.1862,-15.8168],[-48.1862,-15.8163],[-48.1871,-15.8152],[-48.188,-15.8147],[-48.189,-15.8148],[-48.19,-15.8135],[-48.1909,-15.812],[-48.1912,-15.8095],[-48.1909,-15.8073],[-48.1901,-15.8069],[-48.1893,-15.8042],[-48.1889,-15.8032],[-48.1885,-15.8016],[-48.1886,-15.8004],[-48.1884,-15.7996],[-48.1888,-15.799],[-48.1886,-15.798],[-48.1852,-15.799],[-48.1825,-15.7992],[-48.1814,-15.799],[-48.1728,-15.7965],[-48.1666,-15.7948],[-48.1639,-15.794],[-48.1591,-15.8095],[-48.158,-15.8102],[-48.1559,-15.8096],[-48.1555,-15.8104],[-48.1545,-15.8095],[-48.1512,-15.8084],[-48.1479,-15.8089],[-48.1461,-15.8084],[-48.1459,-15.8091],[-48.1432,-15.8094],[-48.1408,-15.8102],[-48.1368,-15.8091],[-48.1364,-15.8107],[-48.1347,-15.815],[-48.1333,-15.8145],[-48.1327,-15.8162],[-48.1316,-15.8158],[-48.1308,-15.8179],[-48.1318,-15.8183],[-48.1313,-15.8197],[-48.1287,-15.8188],[-48.1267,-15.824],[-48.1256,-15.8239],[-48.1242,-15.826],[-48.124,-15.8279],[-48.1238,-15.8284],[-48.1211,-15.8264],[-48.1193,-15.8289],[-48.118,-15.8284],[-48.1151,-15.8322],[-48.1164,-15.8342],[-48.1226,-15.8387],[-48.1239,-15.837],[-48.1242,-15.837],[-48.127,-15.839],[-48.1284,-15.8398],[-48.1303,-15.8413],[-48.1304,-15.8426],[-48.1281,-15.8455],[-48.1205,-15.8555],[-48.1134,-15.8504],[-48.1108,-15.8538],[-48.1113,-15.8542],[-48.1104,-15.8557],[-48.1093,-15.8572],[-48.1089,-15.8573],[-48.1079,-15.8591],[-48.1074,-15.8594],[-48.107,-15.8588],[-48.1058,-15.858],[-48.1055,-15.8573],[-48.1046,-15.8573],[-48.1037,-15.857],[-48.1026,-15.8573],[-48.1021,-15.8565],[-48.1006,-15.8564],[-48.0993,-15.8552],[-48.0982,-15.8553],[-48.096,-15.854],[-48.0939,-15.8537],[-48.093,-15.8532],[-48.0919,-15.8534],[-48.0908,-15.8526],[-48.0899,-15.8527],[-48.0889,-15.8523],[-48.0877,-15.8512],[-48.09,-15.8468],[-48.0907,-15.8459],[-48.0909,-15.8445],[-48.0907,-15.8415],[-48.0919,-15.8419],[-48.0933,-15.8377],[-48.0915,-15.837],[-48.0879,-15.8359],[-48.0919,-15.8253],[-48.0933,-15.8218],[-48.0925,-15.8215],[-48.0932,-15.8196],[-48.0931,-15.8191],[-48.094,-15.8168],[-48.0947,-15.8158],[-48.0967,-15.8117],[-48.0997,-15.8076],[-48.1015,-15.8053],[-48.1017,-15.8054],[-48.1067,-15.7999],[-48.1076,-15.7988],[-48.1086,-15.7995],[-48.1124,-15.7945],[-48.1117,-15.794],[-48.111,-15.794],[-48.1083,-15.7901],[-48.1073,-15.7905],[-48.1071,-15.7898],[-48.1059,-15.7891],[-48.1048,-15.788],[-48.1043,-15.787],[-48.1033,-15.7865],[-48.1029,-15.7858],[-48.1031,-15.7851],[-48.1029,-15.7833],[-48.1036,-15.781],[-48.1027,-15.7804],[-48.1025,-15.7784],[-48.1041,-15.7753],[-48.1048,-15.7754],[-48.1054,-15.7745],[-48.1053,-15.7737],[-48.1062,-15.773],[-48.1068,-15.7719],[-48.1077,-15.7717],[-48.1088,-15.772],[-48.1101,-15.7716],[-48.1104,-15.7711],[-48.1113,-15.7712],[-48.1119,-15.7704]]]},"properties":{"ra":"Ceilândia","ra_num":9}},
{"type":"Feature","geometry":{"type":"Polygon","coordinates":[[[-47.7638,-15.5273],[-47.7641,-15.5251],[-47.7635,-15.5242],[-47.7626,-15.5248],[-47.762,-15.5242],[-47.7616,-15.5228],[-47.7617,-15.5205],[-47.7629,-15.5198],[-47.764,-15.5203],[-47.7647,-15.5197],[-47.7652,-15.5207],[-47.7658,-15.5203],[-47.7678,-15.5209],[-47.7673,-15.5199],[-47.7675,-15.5192],[-47.7683,-15.5189],[-47.7682,-15.518],[-47.7684,-15.5173],[-47.7699,-15.5172],[-47.7707,-15.5166],[-47.7705,-15.5159],[-47.7719,-15.5161],[-47.7726,-15.5145],[-47.7712,-15.5143],[-47.7717,-15.5131],[-47.7725,-15.5121],[-47.7722,-15.5108],[-47.7712,-15.5106],[-47.7711,-15.5091],[-47.7702,-15.5087],[-47.7706,-15.5061],[-47.7711,-15.5046],[-47.771,-15.5034],[-47.7721,-15.5024],[-47.976,-15.5024],[-47.9747,-15.5049],[-47.974,-15.5074],[-47.974,-15.5108],[-47.9735,-15.5126],[-47.9733,-15.5147],[-47.9735,-15.5192],[-47.9732,-15.5203],[-47.9694,-15.5241],[-47.969,-15.5252],[-47.9705,-15.5283],[-47.9703,-15.5297],[-47.9698,-15.5302],[-47.9675,-15.5315],[-47.9669,-15.5324],[-47.9656,-15.5372],[-47.9653,-15.5376],[-47.963,-15.5395],[-47.9596,-15.5413],[-47.958,-15.5426],[-47.9559,-15.5452],[-47.9507,-15.5503],[-47.9504,-15.5508],[-47.9507,-15.5517],[-47.952,-15.5532],[-47.9521,-15.554],[-47.9511,-15.5569],[-47.9508,-15.5586],[-47.9513,-15.5594],[-47.9554,-15.5644],[-47.9558,-15.5653],[-47.9556,-15.5664],[-47.9545,-15.57],[-47.9542,-15.5707],[-47.9515,-15.575],[-47.9502,-15.5756],[-47.9484,-15.575],[-47.9474,-15.5735],[-47.9467,-15.5733],[-47.9444,-15.5746],[-47.943,-15.5746],[-47.939,-15.5732],[-47.9379,-15.5737],[-47.9369,-15.5769],[-47.9364,-15.5779],[-47.935,-15.5793],[-47.9315,-15.5816],[-47.9274,-15.5859],[-47.9253,-15.5872],[-47.9135,-15.5912],[-47.904,-15.5935],[-47.9023,-15.5939],[-47.9011,-15.5937],[-47.9002,-15.5932],[-47.897,-15.5906],[-47.8956,-15.5903],[-47.8905,-15.5932],[-47.889,-15.5933],[-47.8862,-15.5923],[-47.8853,-15.5924],[-47.885,-15.5931],[-47.8858,-15.5934],[-47.8869,-15.5933],[-47.8882,-15.5963],[-47.8885,-15.5972],[-47.8893,-15.5985],[-47.89,-15.5989],[-47.8898,-15.6003],[-47.8903,-15.6011],[-47.8904,-15.602],[-47.8911,-15.6029],[-47.8915,-15.6039],[-47.8913,-15.6052],[-47.8921,-15.6062],[-47.8918,-15.6071],[-47.8922,-15.6076],[-47.8919,-15.6084],[-47.8902,-15.609],[-47.8885,-15.6105],[-47.8873,-15.6124],[-47.8861,-15.6161],[-47.8838,-15.6175],[-47.8817,-15.6165],[-47.8805,-15.6161],[-47.8783,-15.6167],[-47.8772,-15.6173],[-47.8764,-15.6163],[-47.8762,-15.6155],[-47.8748,-15.6142],[-47.8736,-15.6137],[-47.872,-15.6143],[-47.8703,-15.6131],[-47.8695,-15.6132],[-47.8691,-15.6138],[-47.8687,-15.6176],[-47.8683,-15.6185],[-47.8674,-15.6197],[-47.8663,-15.6202],[-47.8657,-15.6194],[-47.8659,-15.6181],[-47.8654,-15.6168],[-47.8647,-15.6166],[-47.8626,-15.6144],[-47.8621,-15.6133],[-47.8616,-15.6133],[-47.8614,-15.6119],[-47.8609,-15.6107],[-47.8604,-15.6105],[-47.8605,-15.6093],[-47.861,-15.609],[-47.862,-15.6064],[-47.8615,-15.6047],[-47.8621,-15.6043],[-47.8622,-15.603],[-47.8628,-15.602],[-47.8615,-15.6017],[-47.8605,-15.6022],[-47.8592,-15.6032],[-47.8591,-15.6025],[-47.8579,-15.6016],[-47.858,-15.6009],[-47.8586,-15.6],[-47.8564,-15.5976],[-47.856,-15.5981],[-47.8551,-15.5977],[-47.8543,-15.5979],[-47.8517,-15.597],[-47.8513,-15.5965],[-47.8501,-15.5965],[-47.8492,-15.5971],[-47.8481,-15.5962],[-47.8472,-15.596],[-47.8464,-15.5966],[-47.8449,-15.5963],[-47.8445,-15.5955],[-47.8429,-15.5956],[-47.8423,-15.5968],[-47.8418,-15.5971],[-47.841,-15.5985],[-47.8386,-15.5985],[-47.8377,-15.5987],[-47.8372,-15.5983],[-47.8358,-15.5983],[-47.8361,-15.5963],[-47.8367,-15.5937],[-47.8374,-15.5929],[-47.8423,-15.5907],[-47.843,-15.5901],[-47.8423,-15.5894],[-47.8409,-15.589],[-47.841,-15.5886],[-47.8423,-15.5884],[-47.8438,-15.5874],[-47.844,-15.5864],[-47.8439,-15.5845],[-47.8442,-15.5835],[-47.8436,-15.5829],[-47.8439,-15.5816],[-47.8432,-15.5812],[-47.8429,-15.5799],[-47.8435,-15.5786],[-47.8426,-15.5769],[-47.8435,-15.5751],[-47.8438,-15.5733],[-47.843,-15.573],[-47.8429,-15.5725],[-47.8416,-15.5725],[-47.8409,-15.5718],[-47.8395,-15.5715],[-47.8391,-15.569],[-47.84,-15.5686],[-47.84,-15.5678],[-47.8409,-15.5666],[-47.841,-15.5659],[-47.8403,-15.5657],[-47.8392,-15.5648],[-47.8389,-15.5635],[-47.8391,-15.5621],[-47.8403,-15.5613],[-47.8408,-15.5602],[-47.8409,-15.5589],[-47.8406,-15.558],[-47.8411,-15.5572],[-47.836,-15.5502],[-47.8353,-15.5482],[-47.8354,-15.5472],[-47.8362,-15.5435],[-47.8365,-15.5414],[-47.8365,-15.5397],[-47.8359,-15.5322],[-47.8354,-15.5308],[-47.8348,-15.5303],[-47.8316,-15.5301],[-47.8294,-15.5296],[-47.8213,-15.5263],[-47.815,-15.5238],[-47.8131,-15.5234],[-47.8114,-15.5234],[-47.81,-15.5237],[-47.8053,-15.5253],[-47.8035,-15.5256],[-47.8019,-15.5256],[-47.7927,-15.5243],[-47.7905,-15.5246],[-47.78,-15.5291],[-47.7776,-15.5295],[-47.7759,-15.5295],[-47.7747,-15.5292],[-47.7732,-15.5285],[-47.7712,-15.5271],[-47.7698,-15.5266],[-47.7679,-15.5268],[-47.7655,-15.5276],[-47.7638,-15.5273]]]},"properties":{"ra":"Fercal","ra_num":31}},
{"type":"Feature","geometry":{"type":"Polygon","coordinates":[[[-48.0503,-15.8319],[-48.0514,-15.83],[-48.053,-15.8289],[-48.0539,-15.827],[-48.0515,-15.8258],[-48.0524,-15.8235],[-48.0539,-15.8171],[-48.0543,-15.8142],[-48.0549,-15.8142],[-48.0548,-15.8123],[-48.055,-15.8114],[-48.0563,-15.8081],[-48.0543,-15.8071],[-48.0563,-15.8057],[-48.0562,-15.8042],[-48.0556,-15.8033],[-48.0544,-15.7989],[-48.0536,-15.7975],[-48.0523,-15.7928],[-48.0515,-15.7919],[-48.0535,-15.7922],[-48.0518,-15.7883],[-48.0514,-15.7872],[-48.0468,-15.7767],[-48.046,-15.7744],[-48.0455,-15.7724],[-48.0451,-15.7699],[-48.0449,-15.7675],[-48.0449,-15.7651],[-48.0453,-15.7612],[-48.046,-15.7581],[-48.0466,-15.7562],[-48.0476,-15.7537],[-48.0499,-15.7483],[-48.0506,-15.7471],[-48.0524,-15.7446],[-48.054,-15.743],[-48.0559,-15.7415],[-48.0574,-15.7405],[-48.0601,-15.7391],[-48.0619,-15.7385],[-48.064,-15.738],[-48.0705,-15.737],[-48.0729,-15.7365],[-48.0737,-15.7376],[-48.0727,-15.7389],[-48.0722,-15.7404],[-48.0725,-15.7414],[-48.0715,-15.7424],[-48.0707,-15.7444],[-48.0698,-15.7457],[-48.0684,-15.7471],[-48.0683,-15.7481],[-48.0678,-15.7487],[-48.0677,-15.7497],[-48.0668,-15.7502],[-48.0672,-15.7511],[-48.0666,-15.752],[-48.0657,-15.7546],[-48.0664,-15.7569],[-48.0672,-15.7578],[-48.0683,-15.7585],[-48.0688,-15.7594],[-48.0713,-15.7587],[-48.0726,-15.759],[-48.0741,-15.7583],[-48.0757,-15.7579],[-48.077,-15.7571],[-48.0777,-15.7574],[-48.0805,-15.7582],[-48.0815,-15.7593],[-48.083,-15.7596],[-48.0842,-15.76],[-48.0853,-15.7601],[-48.0872,-15.7613],[-48.0886,-15.7616],[-48.0897,-15.7625],[-48.0913,-15.7635],[-48.0937,-15.7645],[-48.0949,-15.7651],[-48.0963,-15.7653],[-48.0975,-15.7659],[-48.0992,-15.7653],[-48.1027,-15.7668],[-48.1052,-15.7676],[-48.1077,-15.7693],[-48.1086,-15.769],[-48.11,-15.7696],[-48.1109,-15.7703],[-48.1119,-15.7704],[-48.1113,-15.7712],[-48.1104,-15.7711],[-48.1101,-15.7716],[-48.1088,-15.772],[-48.1077,-15.7717],[-48.1068,-15.7719],[-48.1062,-15.773],[-48.1053,-15.7737],[-48.1054,-15.7745],[-48.1048,-15.7754],[-48.1041,-15.7753],[-48.1025,-15.7784],[-48.1027,-15.7804],[-48.1036,-15.781],[-48.1029,-15.7833],[-48.1031,-15.7851],[-48.1029,-15.7858],[-48.1033,-15.7865],[-48.1043,-15.787],[-48.1048,-15.788],[-48.1059,-15.7891],[-48.1071,-15.7898],[-48.1073,-15.7905],[-48.1083,-15.7901],[-48.111,-15.794],[-48.1117,-15.794],[-48.1124,-15.7945],[-48.1086,-15.7995],[-48.1076,-15.7988],[-48.1067,-15.7999],[-48.1017,-15.8054],[-48.1015,-15.8053],[-48.0997,-15.8076],[-48.0967,-15.8117],[-48.0947,-15.8158],[-48.094,-15.8168],[-48.0931,-15.8191],[-48.0932,-15.8196],[-48.0925,-15.8215],[-48.0933,-15.8218],[-48.0919,-15.8253],[-48.0879,-15.8359],[-48.0915,-15.837],[-48.0933,-15.8377],[-48.0919,-15.8419],[-48.0907,-15.8415],[-48.0909,-15.8445],[-48.0907,-15.8459],[-48.09,-15.8468],[-48.0877,-15.8512],[-48.0864,-15.8508],[-48.0843,-15.8491],[-48.0841,-15.8485],[-48.0829,-15.847],[-48.0821,-15.8468],[-48.0804,-15.846],[-48.0798,-15.8461],[-48.079,-15.8454],[-48.0776,-15.845],[-48.077,-15.8442],[-48.0762,-15.8437],[-48.0753,-15.8437],[-48.0752,-15.8454],[-48.0745,-15.8479],[-48.0731,-15.8474],[-48.0717,-15.8486],[-48.0713,-15.8494],[-48.0695,-15.8521],[-48.0676,-15.8516],[-48.0676,-15.8523],[-48.0662,-15.8545],[-48.0654,-15.8562],[-48.0644,-15.8572],[-48.0618,-15.8586],[-48.0607,-15.8587],[-48.0595,-15.8584],[-48.0571,-15.8574],[-48.0565,-15.8574],[-48.0544,-15.8565],[-48.0538,-15.857],[-48.0502,-15.8555],[-48.0497,-15.8572],[-48.0489,-15.8581],[-48.048,-15.8597],[-48.0474,-15.8595],[-48.0451,-15.8616],[-48.0447,-15.8614],[-48.0437,-15.8634],[-48.04,-15.8635],[-48.0375,-15.8682],[-48.0477,-15.875],[-48.0475,-15.8754],[-48.0456,-15.8743],[-48.0438,-15.8738],[-48.0424,-15.8738],[-48.0384,-15.8744],[-48.0278,-15.8759],[-48.0286,-15.8742],[-48.0306,-15.8705],[-48.0255,-15.868],[-48.0302,-15.8593],[-48.029,-15.8587],[-48.0306,-15.8557],[-48.033,-15.8495],[-48.0331,-15.849],[-48.0368,-15.8505],[-48.0456,-15.8342],[-48.0489,-15.8358],[-48.0494,-15.8348],[-48.0498,-15.8329],[-48.0503,-15.8319]]]},"properties":{"ra":"Taguatinga","ra_num":3}},
{"type":"Feature","geometry":{"type":"Polygon","coordinates":[[[-48.1074,-15.8594],[-48.1079,-15.8591],[-48.1089,-15.8573],[-48.1093,-15.8572],[-48.1104,-15.8557],[-48.1113,-15.8542],[-48.1108,-15.8538],[-48.1134,-15.8504],[-48.1205,-15.8555],[-48.1281,-15.8455],[-48.1304,-15.8426],[-48.1303,-15.8413],[-48.1284,-15.8398],[-48.127,-15.839],[-48.1242,-15.837],[-48.1239,-15.837],[-48.1226,-15.8387],[-48.1164,-15.8342],[-48.1151,-15.8322],[-48.118,-15.8284],[-48.1193,-15.8289],[-48.1211,-15.8264],[-48.1238,-15.8284],[-48.124,-15.8279],[-48.1242,-15.826],[-48.1256,-15.8239],[-48.1267,-15.824],[-48.1287,-15.8188],[-48.1313,-15.8197],[-48.1318,-15.8183],[-48.1308,-15.8179],[-48.1316,-15.8158],[-48.1327,-15.8162],[-48.1333,-15.8145],[-48.1347,-15.815],[-48.1364,-15.8107],[-48.1368,-15.8091],[-48.1408,-15.8102],[-48.1432,-15.8094],[-48.1459,-15.8091],[-48.1461,-15.8084],[-48.1479,-15.8089],[-48.1512,-15.8084],[-48.1545,-15.8095],[-48.1555,-15.8104],[-48.1559,-15.8096],[-48.158,-15.8102],[-48.1591,-15.8095],[-48.1639,-15.794],[-48.1666,-15.7948],[-48.1728,-15.7965],[-48.1814,-15.799],[-48.1825,-15.7992],[-48.1852,-15.799],[-48.1886,-15.798],[-48.1888,-15.799],[-48.1884,-15.7996],[-48.1886,-15.8004],[-48.1885,-15.8016],[-48.1889,-15.8032],[-48.1893,-15.8042],[-48.1901,-15.8069],[-48.1909,-15.8073],[-48.1912,-15.8095],[-48.1909,-15.812],[-48.19,-15.8135],[-48.189,-15.8148],[-48.188,-15.8147],[-48.1871,-15.8152],[-48.1862,-15.8163],[-48.1862,-15.8168],[-48.1852,-15.8179],[-48.1846,-15.8193],[-48.1847,-15.8202],[-48.1844,-15.821],[-48.1832,-15.8226],[-48.1839,-15.8241],[-48.1847,-15.8247],[-48.185,-15.8256],[-48.1858,-15.8262],[-48.186,-15.8269],[-48.1867,-15.8277],[-48.187,-15.829],[-48.1882,-15.8309],[-48.188,-15.8316],[-48.1887,-15.8321],[-48.1886,-15.8333],[-48.1891,-15.8348],[-48.1902,-15.8356],[-48.1899,-15.8365],[-48.1892,-15.8373],[-48.1888,-15.8384],[-48.187,-15.8398],[-48.1863,-15.8412],[-48.1861,-15.8424],[-48.1865,-15.8433],[-48.1862,-15.8441],[-48.1852,-15.845],[-48.1842,-15.8444],[-48.1841,-15.845],[-48.183,-15.8456],[-48.1814,-15.8457],[-48.1802,-15.8462],[-48.1798,-15.8468],[-48.1787,-15.8474],[-48.1777,-15.8488],[-48.1777,-15.8496],[-48.1768,-15.8515],[-48.1771,-15.8519],[-48.1764,-15.8551],[-48.1764,-15.8559],[-48.1755,-15.8564],[-48.1754,-15.8571],[-48.1746,-15.8559],[-48.1737,-15.8554],[-48.1719,-15.8554],[-48.1715,-15.8548],[-48.1702,-15.8541],[-48.169,-15.854],[-48.169,-15.8533],[-48.1679,-15.8526],[-48.1669,-15.8533],[-48.1645,-15.8529],[-48.1642,-15.852],[-48.1637,-15.8517],[-48.1626,-15.8527],[-48.1615,-15.8525],[-48.161,-15.8533],[-48.1603,-15.8533],[-48.1595,-15.8543],[-48.1585,-15.8549],[-48.1558,-15.8546],[-48.1549,-15.8546],[-48.1536,-15.8551],[-48.153,-15.8543],[-48.151,-15.8542],[-48.1499,-15.8549],[-48.15,-15.8557],[-48.1479,-15.8561],[-48.1474,-15.857],[-48.146,-15.8571],[-48.1452,-15.8586],[-48.1444,-15.8586],[-48.1436,-15.8592],[-48.1424,-15.861],[-48.1405,-15.8616],[-48.139,-15.8625],[-48.1376,-15.8629],[-48.1368,-15.8638],[-48.1358,-15.8638],[-48.1354,-15.8643],[-48.1338,-15.8641],[-48.1327,-15.8631],[-48.1319,-15.8634],[-48.131,-15.8645],[-48.1303,-15.864],[-48.1291,-15.8646],[-48.1281,-15.8655],[-48.127,-15.8656],[-48.1252,-15.8668],[-48.1246,-15.8675],[-48.1236,-15.8665],[-48.1224,-15.8661],[-48.1213,-15.8654],[-48.1207,-15.8664],[-48.1201,-15.867],[-48.1193,-15.8669],[-48.1187,-15.8673],[-48.1177,-15.8669],[-48.1169,-15.8676],[-48.1157,-15.8674],[-48.1139,-15.8678],[-48.1128,-15.8676],[-48.1109,-15.8667],[-48.1103,-15.8653],[-48.1095,-15.8637],[-48.1098,-15.8623],[-48.108,-15.86],[-48.1074,-15.8594]]]},"properties":{"ra":"Sol Nascente/  Pôr do Sol","ra_num":32}},
{"type":"Feature","geometry":{"type":"Polygon","coordinates":[[[-47.9921,-15.8765],[-47.9934,-15.8719],[-47.9933,-15.8712],[-47.9939,-15.869],[-47.9918,-15.8685],[-47.9914,-15.868],[-47.9919,-15.8662],[-47.9865,-15.8648],[-47.9868,-15.8643],[-47.9883,-15.8628],[-47.9879,-15.8624],[-47.9906,-15.8599],[-47.9909,-15.8602],[-47.9946,-15.8566],[-47.9952,-15.8567],[-47.9965,-15.8554],[-47.9961,-15.855],[-48.0006,-15.8504],[-47.9988,-15.8487],[-47.9999,-15.8464],[-48.001,-15.847],[-48.002,-15.8483],[-48.0064,-15.8502],[-48.0076,-15.8473],[-48.008,-15.8474],[-48.0109,-15.8411],[-48.0122,-15.8416],[-48.0154,-15.8424],[-48.0167,-15.8428],[-48.0219,-15.845],[-48.0265,-15.8468],[-48.033,-15.8495],[-48.0306,-15.8557],[-48.029,-15.8587],[-48.0302,-15.8593],[-48.0255,-15.868],[-48.0306,-15.8705],[-48.0286,-15.8742],[-48.0278,-15.8759],[-48.0237,-15.8767],[-48.0133,-15.8781],[-48.0115,-15.8782],[-48.0005,-15.8773],[-47.9921,-15.8765]]]},"properties":{"ra":"Arniqueira","ra_num":33}},
{"type":"Feature","geometry":{"type":"Polygon","coordinates":[[[-47.9484,-15.8102],[-47.9425,-15.811],[-47.941,-15.8111],[-47.9395,-15.8108],[-47.9348,-15.8091],[-47.9318,-15.8079],[-47.9289,-15.807],[-47.9275,-15.8063],[-47.9208,-15.8025],[-47.9197,-15.802],[-47.9143,-15.7989],[-47.9136,-15.7981],[-47.913,-15.7961],[-47.9112,-15.7965],[-47.9085,-15.7885],[-47.9106,-15.7877],[-47.9144,-15.7864],[-47.9139,-15.785],[-47.9293,-15.7802],[-47.931,-15.7854],[-47.9333,-15.792],[-47.9335,-15.7937],[-47.9335,-15.7989],[-47.9332,-15.7999],[-47.9324,-15.8012],[-47.9327,-15.8014],[-47.933,-15.8036],[-47.9375,-15.8065],[-47.9396,-15.8033],[-47.9404,-15.8023],[-47.9417,-15.8016],[-47.9462,-15.8002],[-47.9474,-15.8038],[-47.9479,-15.8063],[-47.9484,-15.8102]]]},"properties":{"ra":"Sudoeste/ Octogonal","ra_num":22}},
{"type":"Feature","geometry":{"type":"Polygon","coordinates":[[[-47.8681,-15.7165],[-47.8712,-15.7155],[-47.8705,-15.7146],[-47.8708,-15.7135],[-47.8716,-15.7131],[-47.8734,-15.7126],[-47.8741,-15.7114],[-47.8716,-15.7095],[-47.8723,-15.708],[-47.8752,-15.7073],[-47.8769,-15.7074],[-47.8815,-15.7048],[-47.8847,-15.7015],[-47.892,-15.707],[-47.8911,-15.7075],[-47.8896,-15.7073],[-47.8894,-15.7081],[-47.8881,-15.7089],[-47.8863,-15.7094],[-47.8847,-15.71],[-47.8842,-15.7106],[-47.8824,-15.7111],[-47.8799,-15.7122],[-47.879,-15.7119],[-47.8781,-15.7125],[-47.8783,-15.7129],[-47.8782,-15.714],[-47.8772,-15.7145],[-47.877,-15.7151],[-47.8747,-15.7157],[-47.875,-15.7164],[-47.8737,-15.7168],[-47.8699,-15.7192],[-47.8697,-15.7195],[-47.8681,-15.7165]]]},"properties":{"ra":"Varjão","ra_num":23}},
{"type":"Feature","geometry":{"type":"Polygon","coordinates":[[[-47.9545,-15.8484],[-47.9555,-15.8483],[-47.9565,-15.8545],[-47.9605,-15.8539],[-47.9617,-15.8538],[-47.9627,-15.8609],[-47.9596,-15.863],[-47.9603,-15.8638],[-47.9635,-15.8653],[-47.9641,-15.8647],[-47.965,-15.8653],[-47.9692,-15.8649],[-47.9695,-15.8672],[-47.975,-15.8666],[-47.9774,-15.8643],[-47.9779,-15.8647],[-47.9773,-15.8662],[-47.977,-15.8674],[-47.9774,-15.8699],[-47.979,-15.8734],[-47.983,-15.8754],[-47.9852,-15.8759],[-47.9921,-15.8765],[-48.0005,-15.8773],[-48.0002,-15.8799],[-47.9986,-15.8798],[-47.996,-15.8798],[-47.9942,-15.8787],[-47.9923,-15.8781],[-47.9881,-15.8779],[-47.9864,-15.8775],[-47.9845,-15.8778],[-47.9835,-15.8781],[-47.9822,-15.8779],[-47.9808,-15.8782],[-47.9801,-15.8781],[-47.979,-15.8805],[-47.9778,-15.8823],[-47.9765,-15.8832],[-47.9748,-15.8836],[-47.9623,-15.8837],[-47.961,-15.8838],[-47.961,-15.8823],[-47.9633,-15.8828],[-47.9645,-15.8829],[-47.9708,-15.8829],[-47.9708,-15.8794],[-47.9689,-15.8794],[-47.9687,-15.8806],[-47.9639,-15.8806],[-47.9639,-15.8789],[-47.9623,-15.8785],[-47.962,-15.8763],[-47.9591,-15.8768],[-47.9587,-15.8746],[-47.9545,-15.8484]]]},"properties":{"ra":"Núcleo Bandeirante","ra_num":8}},
{"type":"Feature","geometry":{"type":"Polygon","coordinates":[[[-47.9462,-15.8002],[-47.9417,-15.8016],[-47.9404,-15.8023],[-47.9396,-15.8033],[-47.9375,-15.8065],[-47.933,-15.8036],[-47.9327,-15.8014],[-47.9324,-15.8012],[-47.9332,-15.7999],[-47.9335,-15.7989],[-47.9335,-15.7937],[-47.9333,-15.792],[-47.931,-15.7854],[-47.9293,-15.7802],[-47.9385,-15.7773],[-47.9412,-15.7851],[-47.9462,-15.8002]]]},"properties":{"ra":"Cruzeiro","ra_num":11}},
{"type":"Feature","geometry":{"type":"Polygon","coordinates":[[[-47.8595,-15.6882],[-47.8619,-15.6896],[-47.8676,-15.6923],[-47.8754,-15.6963],[-47.8759,-15.6796],[-47.8784,-15.6829],[-47.9021,-15.6948],[-47.9055,-15.6964],[-47.9084,-15.6935],[-47.9103,-15.6937],[-47.9103,-15.6945],[-47.9114,-15.6947],[-47.9114,-15.6953],[-47.9131,-15.6959],[-47.9147,-15.6939],[-47.9148,-15.6935],[-47.9201,-15.703],[-47.9218,-15.7104],[-47.9221,-15.7124],[-47.9229,-15.7164],[-47.9233,-15.7169],[-47.9232,-15.7181],[-47.9234,-15.7189],[-47.9226,-15.7195],[-47.9223,-15.721],[-47.9224,-15.7216],[-47.9216,-15.7222],[-47.9222,-15.7245],[-47.9207,-15.7261],[-47.92,-15.726],[-47.9179,-15.7273],[-47.9164,-15.7277],[-47.9162,-15.728],[-47.915,-15.7283],[-47.9141,-15.7282],[-47.9124,-15.7287],[-47.912,-15.7284],[-47.9108,-15.7286],[-47.9104,-15.7282],[-47.9095,-15.7286],[-47.9085,-15.7285],[-47.9082,-15.7278],[-47.9068,-15.7278],[-47.9062,-15.7274],[-47.9048,-15.7277],[-47.9044,-15.7272],[-47.9026,-15.7274],[-47.9021,-15.7278],[-47.9009,-15.7278],[-47.8991,-15.7272],[-47.8976,-15.7279],[-47.8968,-15.7279],[-47.8964,-15.7284],[-47.8951,-15.7289],[-47.8948,-15.7302],[-47.8941,-15.7301],[-47.8936,-15.7294],[-47.8917,-15.7297],[-47.8896,-15.7297],[-47.887,-15.7292],[-47.8866,-15.7294],[-47.8847,-15.7288],[-47.8833,-15.7292],[-47.8826,-15.7298],[-47.8813,-15.73],[-47.8796,-15.7309],[-47.878,-15.7329],[-47.878,-15.7335],[-47.8765,-15.7353],[-47.8764,-15.7364],[-47.8753,-15.7381],[-47.8738,-15.7392],[-47.8725,-15.7411],[-47.8703,-15.7421],[-47.8692,-15.7424],[-47.8675,-15.7425],[-47.8658,-15.7433],[-47.8642,-15.7445],[-47.8632,-15.7456],[-47.8631,-15.7468],[-47.8627,-15.7474],[-47.8614,-15.7479],[-47.8594,-15.7479],[-47.858,-15.7487],[-47.8564,-15.7493],[-47.8553,-15.7495],[-47.8522,-15.7509],[-47.8503,-15.7527],[-47.8487,-15.7535],[-47.8468,-15.7546],[-47.8461,-15.7553],[-47.8452,-15.7572],[-47.8452,-15.7592],[-47.8448,-15.76],[-47.8426,-15.7606],[-47.8411,-15.7621],[-47.8405,-15.7633],[-47.8393,-15.764],[-47.8375,-15.7646],[-47.8362,-15.7655],[-47.8356,-15.7662],[-47.8356,-15.7671],[-47.8351,-15.7675],[-47.8346,-15.7688],[-47.8346,-15.7701],[-47.8351,-15.7709],[-47.8349,-15.7717],[-47.8336,-15.7732],[-47.8319,-15.7736],[-47.8311,-15.773],[-47.8292,-15.7697],[-47.8283,-15.7658],[-47.8281,-15.7631],[-47.827,-15.7607],[-47.8273,-15.7591],[-47.8283,-15.7584],[-47.8295,-15.757],[-47.8299,-15.756],[-47.8298,-15.7547],[-47.8287,-15.7537],[-47.828,-15.7527],[-47.8275,-15.7513],[-47.8277,-15.7507],[-47.8296,-15.7492],[-47.8326,-15.7472],[-47.8357,-15.7457],[-47.8386,-15.745],[-47.8401,-15.7442],[-47.8411,-15.7434],[-47.8426,-15.7411],[-47.8443,-15.7389],[-47.8456,-15.7382],[-47.8473,-15.7378],[-47.8488,-15.7365],[-47.8498,-15.7353],[-47.8508,-15.7347],[-47.8531,-15.7325],[-47.8534,-15.7312],[-47.8552,-15.731],[-47.856,-15.7306],[-47.8565,-15.7296],[-47.8574,-15.729],[-47.8574,-15.7278],[-47.8593,-15.7265],[-47.8594,-15.7255],[-47.8588,-15.7251],[-47.8591,-15.7245],[-47.8577,-15.7243],[-47.8554,-15.7259],[-47.8537,-15.7273],[-47.8529,-15.7272],[-47.8522,-15.728],[-47.8509,-15.7282],[-47.8485,-15.7292],[-47.8475,-15.73],[-47.8465,-15.7321],[-47.8461,-15.7333],[-47.8445,-15.734],[-47.844,-15.7348],[-47.8409,-15.7351],[-47.8392,-15.7342],[-47.8384,-15.7346],[-47.8386,-15.7353],[-47.8381,-15.7363],[-47.836,-15.7372],[-47.8367,-15.7388],[-47.8364,-15.7402],[-47.8355,-15.7414],[-47.8349,-15.7415],[-47.8331,-15.7409],[-47.8321,-15.7417],[-47.8322,-15.7423],[-47.8312,-15.7429],[-47.8298,-15.743],[-47.8288,-15.7427],[-47.828,-15.7432],[-47.8274,-15.7443],[-47.8264,-15.7449],[-47.8253,-15.7448],[-47.824,-15.7456],[-47.8231,-15.7472],[-47.8217,-15.7482],[-47.8211,-15.7491],[-47.8219,-15.7504],[-47.8221,-15.7513],[-47.8213,-15.7523],[-47.8202,-15.7527],[-47.8171,-15.7511],[-47.8161,-15.7515],[-47.8163,-15.752],[-47.8186,-15.7552],[-47.8192,-15.7565],[-47.8199,-15.7586],[-47.819,-15.7602],[-47.8173,-15.7612],[-47.8153,-15.7629],[-47.8137,-15.7637],[-47.8144,-15.7641],[-47.8163,-15.7647],[-47.8173,-15.7647],[-47.8184,-15.7644],[-47.8189,-15.7651],[-47.8182,-15.7668],[-47.8178,-15.7694],[-47.8173,-15.7716],[-47.8174,-15.7739],[-47.8165,-15.7752],[-47.8146,-15.7762],[-47.8137,-15.7772],[-47.8112,-15.7792],[-47.8101,-15.7815],[-47.8081,-15.7836],[-47.808,-15.784],[-47.8063,-15.7856],[-47.8069,-15.7868],[-47.8064,-15.7876],[-47.805,-15.7884],[-47.8026,-15.7892],[-47.8015,-15.789],[-47.7993,-15.7903],[-47.7983,-15.7899],[-47.7981,-15.7905],[-47.7971,-15.7903],[-47.7966,-15.7897],[-47.7959,-15.7895],[-47.7954,-15.7888],[-47.7947,-15.7895],[-47.7937,-15.7899],[-47.7932,-15.7906],[-47.7922,-15.79],[-47.791,-15.7903],[-47.7902,-15.7898],[-47.7894,-15.7886],[-47.7894,-15.7905],[-47.7891,-15.7907],[-47.7889,-15.7885],[-47.7878,-15.7853],[-47.7868,-15.782],[-47.7936,-15.781],[-47.7952,-15.7812],[-47.7963,-15.7816],[-47.7979,-15.7827],[-47.7995,-15.7851],[-47.8007,-15.7864],[-47.802,-15.7872],[-47.8035,-15.7874],[-47.8042,-15.787],[-47.8049,-15.7862],[-47.8055,-15.784],[-47.8061,-15.7829],[-47.8079,-15.7811],[-47.8088,-15.7799],[-47.8127,-15.7735],[-47.8132,-15.772],[-47.8132,-15.7709],[-47.8127,-15.7695],[-47.8122,-15.7687],[-47.8091,-15.7655],[-47.8085,-15.7645],[-47.809,-15.7629],[-47.8117,-15.7601],[-47.8131,-15.7581],[-47.8119,-15.7574],[-47.8105,-15.7573],[-47.8098,-15.7575],[-47.8074,-15.7587],[-47.7898,-15.7615],[-47.7886,-15.7615],[-47.7866,-15.7613],[-47.7839,-15.7605],[-47.784,-15.76],[-47.7849,-15.7597],[-47.7852,-15.7581],[-47.7864,-15.7577],[-47.7855,-15.7559],[-47.7847,-15.756],[-47.7852,-15.7523],[-47.787,-15.7522],[-47.7863,-15.7494],[-47.7915,-15.7481],[-47.7909,-15.7457],[-47.784,-15.7432],[-47.7901,-15.7275],[-47.791,-15.7251],[-47.7923,-15.7232],[-47.7942,-15.7216],[-47.8341,-15.6943],[-47.8359,-15.6934],[-47.8376,-15.693],[-47.8389,-15.6929],[-47.8489,-15.6929],[-47.8501,-15.6928],[-47.8526,-15.6922],[-47.8581,-15.6892],[-47.8595,-15.6882]],[[-47.8681,-15.7165],[-47.8697,-15.7195],[-47.8699,-15.7192],[-47.8737,-15.7168],[-47.875,-15.7164],[-47.8747,-15.7157],[-47.877,-15.7151],[-47.8772,-15.7145],[-47.8782,-15.714],[-47.8783,-15.7129],[-47.8781,-15.7125],[-47.879,-15.7119],[-47.8799,-15.7122],[-47.8824,-15.7111],[-47.8842,-15.7106],[-47.8847,-15.71],[-47.8863,-15.7094],[-47.8881,-15.7089],[-47.8894,-15.7081],[-47.8896,-15.7073],[-47.8911,-15.7075],[-47.892,-15.707],[-47.8847,-15.7015],[-47.8815,-15.7048],[-47.8769,-15.7074],[-47.8752,-15.7073],[-47.8723,-15.708],[-47.8716,-15.7095],[-47.8741,-15.7114],[-47.8734,-15.7126],[-47.8716,-15.7131],[-47.8708,-15.7135],[-47.8705,-15.7146],[-47.8712,-15.7155],[-47.8681,-15.7165]]]},"properties":{"ra":"Lago Norte","ra_num":18}},
{"type":"Feature","geometry":{"type":"Polygon","coordinates":[[[-47.9773,-15.7821],[-47.9784,-15.7825],[-47.9888,-15.7715],[-47.9994,-15.7601],[-48.0036,-15.7554],[-48.0047,-15.7548],[-48.0051,-15.7583],[-48.0054,-15.759],[-48.0062,-15.7592],[-48.0068,-15.7611],[-48.0066,-15.7617],[-48.0071,-15.7624],[-48.0073,-15.7649],[-48.0066,-15.7662],[-48.0068,-15.7684],[-48.0067,-15.7694],[-48.0062,-15.7701],[-48.0064,-15.7729],[-48.0067,-15.7735],[-48.0065,-15.7748],[-48.0066,-15.7761],[-48.0061,-15.7763],[-48.0061,-15.7783],[-48.0055,-15.7806],[-48.0049,-15.7813],[-48.004,-15.7838],[-48.0042,-15.7843],[-48.003,-15.7858],[-48.003,-15.7862],[-47.9998,-15.7861],[-47.9973,-15.7862],[-47.9939,-15.7865],[-47.9898,-15.7873],[-47.9864,-15.7881],[-47.9819,-15.7897],[-47.9783,-15.7914],[-47.972,-15.7949],[-47.9702,-15.7955],[-47.968,-15.7945],[-47.9661,-15.7943],[-47.9661,-15.7938],[-47.9697,-15.7898],[-47.9765,-15.7825],[-47.9773,-15.7821]]]},"properties":{"ra":"SCIA","ra_num":25}},
{"type":"Feature","geometry":{"type":"Polygon","coordinates":[[[-47.6759,-15.7323],[-47.6769,-15.7324],[-47.6772,-15.7319],[-47.6786,-15.7331],[-47.6787,-15.7338],[-47.6799,-15.734],[-47.6806,-15.7338],[-47.6815,-15.7329],[-47.6818,-15.7321],[-47.6829,-15.7321],[-47.6831,-15.7315],[-47.684,-15.731],[-47.6848,-15.7311],[-47.6851,-15.7304],[-47.6874,-15.7294],[-47.6884,-15.7287],[-47.6887,-15.7278],[-47.6895,-15.7269],[-47.6913,-15.7265],[-47.693,-15.7258],[-47.6952,-15.7262],[-47.6966,-15.727],[-47.6987,-15.7271],[-47.7,-15.7276],[-47.7009,-15.7274],[-47.7012,-15.7284],[-47.7026,-15.7284],[-47.7033,-15.7264],[-47.7051,-15.7271],[-47.7072,-15.7269],[-47.7094,-15.7275],[-47.7099,-15.7267],[-47.7111,-15.7275],[-47.7124,-15.7278],[-47.7133,-15.7283],[-47.7146,-15.7277],[-47.7154,-15.7277],[-47.7166,-15.7271],[-47.718,-15.727],[-47.7187,-15.7256],[-47.7196,-15.7253],[-47.7211,-15.7265],[-47.7231,-15.7269],[-47.7238,-15.7266],[-47.7256,-15.7272],[-47.7261,-15.7271],[-47.7277,-15.7279],[-47.7285,-15.7278],[-47.7293,-15.7283],[-47.7307,-15.727],[-47.7319,-15.7268],[-47.7333,-15.7263],[-47.7343,-15.7268],[-47.7353,-15.7267],[-47.737,-15.7279],[-47.7382,-15.7277],[-47.7399,-15.7279],[-47.7411,-15.7278],[-47.7418,-15.7275],[-47.7426,-15.7277],[-47.7435,-15.7267],[-47.7438,-15.7256],[-47.7445,-15.7252],[-47.7444,-15.7245],[-47.7458,-15.724],[-47.7475,-15.724],[-47.748,-15.7232],[-47.7501,-15.7218],[-47.751,-15.721],[-47.751,-15.7204],[-47.7521,-15.7194],[-47.753,-15.7191],[-47.7541,-15.7181],[-47.7556,-15.7181],[-47.7564,-15.7175],[-47.7574,-15.7176],[-47.7592,-15.7157],[-47.7596,-15.715],[-47.7604,-15.7149],[-47.7618,-15.714],[-47.7619,-15.7133],[-47.7699,-15.7216],[-47.7711,-15.7227],[-47.7728,-15.7236],[-47.7741,-15.7241],[-47.7767,-15.7245],[-47.7786,-15.7244],[-47.7814,-15.724],[-47.7816,-15.7244],[-47.7901,-15.7275],[-47.784,-15.7432],[-47.7909,-15.7457],[-47.7915,-15.7481],[-47.7863,-15.7494],[-47.787,-15.7522],[-47.7852,-15.7523],[-47.7847,-15.756],[-47.7855,-15.7559],[-47.7864,-15.7577],[-47.7852,-15.7581],[-47.7849,-15.7597],[-47.784,-15.76],[-47.7839,-15.7605],[-47.7745,-15.7571],[-47.7623,-15.7526],[-47.7597,-15.752],[-47.7578,-15.752],[-47.7562,-15.7523],[-47.7549,-15.7527],[-47.7529,-15.7538],[-47.7468,-15.7576],[-47.7399,-15.7618],[-47.7377,-15.7627],[-47.7353,-15.7631],[-47.733,-15.7629],[-47.7316,-15.7625],[-47.7294,-15.7613],[-47.7165,-15.7522],[-47.7076,-15.7459],[-47.7043,-15.7436],[-47.6907,-15.7367],[-47.6884,-15.736],[-47.6864,-15.7358],[-47.6804,-15.7357],[-47.6792,-15.7352],[-47.6772,-15.7341],[-47.6758,-15.7342],[-47.6746,-15.7331],[-47.6759,-15.7323]]]},"properties":{"ra":"Itapoã","ra_num":28}}
]}